starvation_correct,trial_correct,i3S,coral_cam,Kilo_cam,Exp_n,Cage,date_cuno_in,time_cuno_in,ray1,ray2,cuno_size,cuno_location_found,grid,cuno_depth,color,tag_n,used,days_starved,date_coral_in,time_coral_in,date_finish,time_finish,trial_length,combo_specific_spp,combo_general_spp,coral_n,coral_spp_PISFC,coral_spp_general,cage_side,growth_form_1,max_d_1,ortho_d_1,height_1,p_alive_start_1,symbionts_1,p_alive_end_1,p_consumed_1,ranking_coral,rank_n,ate,N_eaten,consumed_FIRST,consumed_SECOND,not_consumed_1,not_consumed_2,order determined with video?,evidence from video,number of videos spent eating,date/time start eating,coral.visited.first,visited.coral.ate.first,comments
Y,Y,Y,N,N,1,C077,10/1/2020,1:00:00 PM,12.5,13,17,Split,N/A,25,yellow/brown,N066,N,7,10/8/2020,10:09:00 AM,10/15/2020,9:57:00 AM,7,PMEA_PLOB,PMEA_PLOB,1,PLOB,PORM,NORTH,MD,11,9.5,3.5,50,0,50,0,NOT_EATEN,0,NO,one,PMEA,,PLOB,,no video.ate one,N/A,N/A,N/A,,,"ate whole PMEA by 10/13, (probably meandrina and lobata)"
Y,Y,Y,N,N,1,C077,10/1/2020,1:00:00 PM,12.5,13,17,Split,N/A,25,yellow/brown,N066,N,7,10/8/2020,10:09:00 AM,10/15/2020,9:57:00 AM,7,PMEA_PLOB,PMEA_PLOB,2,PMEA,POSP,SOUTH,BR,12.5,9,7.5,60,0,0,1,FIRST,2,YES,one,PMEA,,PLOB,,no video.ate one,N/A,N/A,N/A,,,"ate whole PMEA by 10/13, (probably meandrina and lobata)"
Y,Y,Y,N,N,2,C078,10/1/2020,1:00:00 PM,11.4,11.6,17,Split,N/A,28,green/blue,N064,N,7,10/8/2020,10:29:00 AM,10/15/2020,10:05:00 AM,7,PMEA_PLOB,PMEA_PLOB,1,PLOB,PORM,NORTH,MD,6,5.3,8,100,0,100,0,NOT_EATEN,0,NO,one,PMEA,,PLOB,,no video.ate one,N/A,N/A,N/A,,,"ate whole PMEA by 10/13, (probably meandrina and lobata)"
Y,Y,Y,N,N,2,C078,10/1/2020,1:00:00 PM,11.4,11.6,17,Split,N/A,28,green/blue,N064,N,7,10/8/2020,10:29:00 AM,10/15/2020,10:05:00 AM,7,PMEA_PLOB,PMEA_PLOB,2,PMEA,POSP,SOUTH,BR,6.5,4.5,4.5,90,0,10,0.89,FIRST,2,YES,one,PMEA,,PLOB,,no video.ate one,N/A,N/A,N/A,,,"ate whole PMEA by 10/13, (probably meandrina and lobata)"
Y,Y,Y,N,N,4,C080,10/1/2020,1:00:00 PM,11,10.5,17.5,Stump,N/A,20,dark blue,N027,N027,7,10/8/2020,1:00:00 PM,10/15/2020,10:22:00 AM,7,PMEA_PLOB,PMEA_PLOB,1,PLOB,PORM,NORTH,MD,12.5,8.5,8,80,0,80,0,NOT_EATEN,0,NO,one,PMEA,,PLOB,,no video.ate one,N/A,N/A,N/A,,,"PLOB had some spotitng, (probably meandrina and lobata)"
Y,Y,Y,N,N,4,C080,10/1/2020,1:00:00 PM,11,10.5,17.5,Stump,N/A,20,dark blue,N027,N027,7,10/8/2020,1:00:00 PM,10/15/2020,10:22:00 AM,7,PMEA_PLOB,PMEA_PLOB,2,PMEA,POSP,SOUTH,BR,14.5,10,8.5,85,0,60,0.29,FIRST,2,YES,one,PMEA,,PLOB,,no video.ate one,N/A,N/A,N/A,,,"PLOB had some spotitng, (probably meandrina and lobata)"
Y,Y,Y,N,N,5,C081,10/1/2020,,12.5,12.1,20,Split,N/A,22,green,N067,N,7,10/8/2020,1:18:00 PM,10/15/2020,10:31:00 AM,7,PMEA_PLOB,PMEA_PLOB,1,PLOB,PORM,SOUTH,MD,5.6,4,3.9,100,0,100,0,NOT_EATEN,0,NO,one,PMEA,,PLOB,,no video.ate one,N/A,N/A,N/A,,,"PMEA in this cage very pale, ate some PMEA by 10/13, (probably meandrina and lobata)"
Y,Y,Y,N,N,5,C081,10/1/2020,1:00:00 PM,12.5,12.1,20,Split,N/A,22,green,N067,N,7,10/8/2020,1:18:00 PM,10/15/2020,10:31:00 AM,7,PMEA_PLOB,PMEA_PLOB,2,PMEA,POSP,NORTH,BR,5,3,6.5,95,0,0,1,FIRST,2,YES,one,PMEA,,PLOB,,no video.ate one,N/A,N/A,N/A,,,"PMEA in this cage very pale, ate some PMEA by 10/13, (probably meandrina and lobata)"
N,Y,Y,N,N,6,C077,10/13/2020,2:30:00 PM,9.5,9.5,16,Stump,N/A,19,green,N045,N045,9,10/22/2020,9:54:00 AM,10/29/2020,10:48:00 AM,7,PMEA_PLOB,PMEA_PLOB,1,PLOB,PORM,SOUTH,MD,12,9,9,60,0,60,0,NOT_EATEN,0,NO,one,PMEA,,PLOB,,no video.ate one,N/A,N/A,N/A,,,"PLOB pale starting. Only ate POC, complete mortality"
N,Y,Y,N,N,6,C077,10/13/2020,2:30:00 PM,9.5,9.5,16,Stump,N/A,19,green,N045,N045,9,10/22/2020,9:54:00 AM,10/29/2020,10:48:00 AM,7,PMEA_PLOB,PMEA_PLOB,2,PMEA,POSP,NORTH,BR,12.5,5,15,80,0,0,1,FIRST,2,YES,one,PMEA,,PLOB,,no video.ate one,N/A,N/A,N/A,,,"PLOB pale starting. Only ate POC, complete mortality"
Y,Y,Y,N,N,7,C078,10/15/2020,12:45:00 PM,12,12.5,22,East of Anchor,N/A,35,dark blue,N044,N044,7,10/22/2020,10:05:00 AM,10/29/2020,10:53:00 AM,7,PMEA_PLOB,PMEA_PLOB,1,PLOB,PORM,NORTH,MD,10.5,8,10,85,0,85,0,NOT_EATEN,0,NO,one,PMEA,,PLOB,,no video.ate one,N/A,N/A,N/A,,,"Only ate PMEA, complete mortality"
Y,Y,Y,N,N,7,C078,10/15/2020,12:45:00 PM,12,12.5,22,East of Anchor,N/A,35,dark blue,N044,N044,7,10/22/2020,10:05:00 AM,10/29/2020,10:53:00 AM,7,PMEA_PLOB,PMEA_PLOB,2,PMEA,POSP,SOUTH,BR,10.5,7,4,65,0,0,1,FIRST,2,YES,one,PMEA,,PLOB,,no video.ate one,N/A,N/A,N/A,,,"Only ate PMEA, complete mortality"
N,Y,Y,N,N,8,C079,10/13/2020,2:30:00 PM,10.5,11,16,POGR16,N/A,28,green,N050,N,9,10/22/2020,10:17:00 AM,10/29/2020,11:04:00 AM,7,PMEA_PLOB,PMEA_PLOB,1,PLOB,PORM,NORTH,MD,6.5,5,7,60,0,60,0,NOT_EATEN,0,NO,one,PMEA,,PLOB,,no video.ate one,N/A,N/A,N/A,,,"Both of them had 1/2 of their sides pale/dead when first put in. End - Only ate PMEA, complete mortality"
N,Y,Y,N,N,8,C079,10/13/2020,2:30:00 PM,10.5,11,16,POGR16,N/A,28,green,N050,N,9,10/22/2020,10:17:00 AM,10/29/2020,11:04:00 AM,7,PMEA_PLOB,PMEA_PLOB,2,PMEA,POSP,SOUTH,BR,8,7,4,50,0,0,1,FIRST,2,YES,one,PMEA,,PLOB,,no video.ate one,N/A,N/A,N/A,,,"Both of them had 1/2 of their sides pale/dead when first put in. End - Only ate PMEA, complete mortality"
N,Y,Y,N,N,9,C080,10/13/2020,2:30:00 PM,10.5,12,20,East of Anchor,N/A,50,green/brown,PIC_05,PIC_05,9,10/22/2020,10:22:00 AM,10/29/2020,10:34:00 AM,7,PMEA_PLOB,PMEA_PLOB,1,PLOB,PORM,SOUTH,MD,7,5.5,2,90,0,90,0,NOT_EATEN,0,NO,one,PMEA,,PLOB,,no video.ate one,N/A,N/A,N/A,,,"Only ate PMEA, complete mortality"
N,Y,Y,N,N,9,C080,10/13/2020,2:30:00 PM,10.5,12,20,East of Anchor,N/A,50,green/brown,PIC_05,PIC_05,9,10/22/2020,10:22:00 AM,10/29/2020,10:34:00 AM,7,PMEA_PLOB,PMEA_PLOB,2,PMEA,POSP,NORTH,BR,7.5,4,7,95,0,0,1,FIRST,2,YES,one,PMEA,,PLOB,,no video.ate one,N/A,N/A,N/A,,,"Only ate PMEA, complete mortality"
N,Y,Y,N,N,10,C081,10/13/2020,2:30:00 PM,11,11,17.5,East of Anchor,N/A,50,green,N095,N095,9,10/22/2020,10:26:00 AM,10/29/2020,11:11:00 AM,7,PMEA_PLOB,PMEA_PLOB,1,PLOB,PORM,NORTH,MD,6,4,4.5,100,0,100,0,NOT_EATEN,0,NO,one,PMEA,,PLOB,,no video.ate one,N/A,N/A,N/A,,,"PLOB - some pale but polyps still there, PMEA - some old dead and bottom white. Emd - Only ate PMEA, complete mortality"
N,Y,Y,N,N,10,C081,10/13/2020,2:30:00 PM,11,11,17.5,East of Anchor,N/A,50,green,N095,N095,9,10/22/2020,10:26:00 AM,10/29/2020,11:11:00 AM,7,PMEA_PLOB,PMEA_PLOB,2,PMEA,POSP,SOUTH,BR,6,3.8,7.5,70,0,0,1,FIRST,2,YES,one,PMEA,,PLOB,,no video.ate one,N/A,N/A,N/A,,,"PLOB - some pale but polyps still there, PMEA - some old dead and bottom white. Emd - Only ate PMEA, complete mortality"
Y,Y,Y,N,N,11,C077,10/27/2020,11:43:00 AM,9,9,14,Dagger,H5,27,green,N043,N,7,11/3/2020,10:50:00 AM,11/10/2020,10:52:00 AM,7,PMEA_PLOB,PMEA_PLOB,1,PLOB,PORM,NORTH,MD,11.5,9,12,85,0,85,0,NOT_EATEN,0,NO,one,PMEA,,PLOB,,no video.ate one,N/A,N/A,N/A,,,"ate PMEA by 11/5, only part of PMEA left alive was on the bottom"
Y,Y,Y,N,N,11,C077,10/27/2020,11:43:00 AM,9,9,14,Dagger,H5,27,green,N043,N,7,11/3/2020,10:50:00 AM,11/10/2020,10:52:00 AM,7,PMEA_PLOB,PMEA_PLOB,2,PMEA,POSP,SOUTH,BR,12,7,10,90,0,5,0.94,FIRST,2,YES,one,PMEA,,PLOB,,no video.ate one,N/A,N/A,N/A,,,"ate PMEA by 11/5, only part of PMEA left alive was on the bottom"
Y,Y,Y,N,N,12,C078,10/27/2020,11:44:00 AM,11,11.5,17,Back 40,B6,32,brown/green,N040,N040,7,11/3/2020,10:55:00 AM,11/10/2020,10:58:00 AM,7,PMEA_FSCU,PMEA_FSCU,1,FSCU,FSCU,SOUTH,FR,12,8,2,100,0,100,0,NOT_EATEN,0,NO,one,PMEA,,FSCU,,no video.ate one,N/A,N/A,N/A,,,"PMEA was pale to begin with, ate PMEA by 11/5"
Y,Y,Y,N,N,12,C078,10/27/2020,11:44:00 AM,11,11.5,17,Back 40,B6,32,brown/green,N040,N040,7,11/3/2020,10:55:00 AM,11/10/2020,10:58:00 AM,7,PMEA_FSCU,PMEA_FSCU,2,PMEA,POSP,NORTH,BR,8,4,9,80,0,0,1,FIRST,2,YES,one,PMEA,,FSCU,,no video.ate one,N/A,N/A,N/A,,,"PMEA was pale to begin with, ate PMEA by 11/5"
Y,Y,Y,N,N,13,C079,10/27/2020,11:41:00 AM,10.5,10.5,15,Stump,H7,29,purple/green,N038,N,7,11/3/2020,11:00:00 AM,11/10/2020,11:08:00 AM,7,PMEA_PLOB,PMEA_PLOB,1,PLOB,PORM,NORTH,MD,10.5,4.5,9,70,0,70,0,NOT_EATEN,0,NO,one,PMEA,,PLOB,,no video.ate one,N/A,N/A,N/A,,,"ate PMEA by 11/5, cushion dead when I came on 11/10 (had some gashes going through it)"
Y,Y,Y,N,N,13,C079,10/27/2020,11:41:00 AM,10.5,10.5,15,Stump,H7,29,purple/green,N038,N,7,11/3/2020,11:00:00 AM,11/10/2020,11:08:00 AM,7,PMEA_PLOB,PMEA_PLOB,2,PMEA,POSP,SOUTH,BR,5,4.5,9,90,0,5,0.94,FIRST,2,YES,one,PMEA,,PLOB,,no video.ate one,N/A,N/A,N/A,,,"ate PMEA by 11/5, cushion dead when I came on 11/10 (had some gashes going through it)"
N,Y,Y,N,N,14,C080,11/3/2020,11:30:00 AM,11.5,11.5,17,East of Anchor,F11,35,purple/green,N037,N,0,11/3/2020,11:30:00 AM,11/10/2020,11:15:00 AM,7,PMEA_PLOB,PMEA_PLOB,1,PLOB,PORM,NORTH,MD,6.5,4,3.5,95,0,95,0,NOT_EATEN,0,NO,one,PMEA,,PLOB,,no video.ate one,N/A,N/A,N/A,,,"no starvation time - had one cushion escape so just grabbed new one from the reef, ate PMEA by 11/5"
N,Y,Y,N,N,14,C080,11/3/2020,11:30:00 AM,11.5,11.5,17,East of Anchor,F11,35,purple/green,N037,N,0,11/3/2020,11:30:00 AM,11/10/2020,11:15:00 AM,7,PMEA_PLOB,PMEA_PLOB,2,PMEA,POSP,SOUTH,BR,6,5,6,70,0,0,1,FIRST,2,YES,one,PMEA,,PLOB,,no video.ate one,N/A,N/A,N/A,,,"no starvation time - had one cushion escape so just grabbed new one from the reef, ate PMEA by 11/5"
Y,Y,Y,N,N,15,C081,10/27/2020,11:41:00 AM,8.5,9.5,13,Dagger,G6,29,green,N039,N,7,11/3/2020,11:25:00 AM,11/10/2020,11:20:00 AM,7,PMEA_FSCU,PMEA_FSCU,1,FSCU,FSCU,NORTH,FR,8,6,2,90,0,90,0,NOT_EATEN,0,NO,one,PMEA,,FSCU,,no video.ate one,N/A,N/A,N/A,,,ate PMEA by 11/5
Y,Y,Y,N,N,15,C081,10/27/2020,11:41:00 AM,8.5,9.5,13,Dagger,G6,29,green,N039,N,7,11/3/2020,11:25:00 AM,11/10/2020,11:20:00 AM,7,PMEA_FSCU,PMEA_FSCU,2,PMEA,POSP,SOUTH,BR,4.5,2,9,80,0,0,1,FIRST,2,YES,one,PMEA,,FSCU,,no video.ate one,N/A,N/A,N/A,,,ate PMEA by 11/5
Y,Y,Y,N,N,16,C077,11/5/2020,10:30:00 AM,8.5,9,12,Trios,K12,29,brown/red,N032,N,7,11/12/2020,10:18:00 AM,11/19/2020,9:50:00 AM,7,PMEA_MPAT,PMEA_MPAT,1,MPAT,MPAT,NORTH,EF,10,7.5,5,60,0,60,0,NOT_EATEN,0,NO,one,PMEA,,MPAT,,no video.ate one,N/A,N/A,N/A,,,ate pocillopora by 11/15
Y,Y,Y,N,N,16,C077,11/5/2020,10:30:00 AM,8.5,9,12,Trios,K12,29,brown/red,N032,N,7,11/12/2020,10:18:00 AM,11/19/2020,9:50:00 AM,7,PMEA_MPAT,PMEA_MPAT,2,PMEA,POSP,SOUTH,BR,13,9,10,50,0,5,0.9,FIRST,2,YES,one,PMEA,,MPAT,,no video.ate one,N/A,N/A,N/A,,,ate pocillopora by 11/15
Y,Y,Y,N,N,17,C078,11/5/2020,10:30:00 AM,11.5,12,20,Trios,K12,29,brown/red,N035,N,7,11/12/2020,10:25:00 AM,11/19/2020,9:51:00 AM,7,PMEA_PCOM,PMEA_PCOM,1,PCOM,PCOM,SOUTH,KN,8.5,3,7.5,70,0,70,0,NOT_EATEN,0,NO,one,PMEA,,PCOM,,no video.ate one,N/A,N/A,N/A,,,ate pocillopora by 11/15
Y,Y,Y,N,N,17,C078,11/5/2020,10:30:00 AM,11.5,12,20,Trios,K12,29,brown/red,N035,N,7,11/12/2020,10:25:00 AM,11/19/2020,9:51:00 AM,7,PMEA_PCOM,PMEA_PCOM,2,PMEA,POSP,NORTH,BR,9.5,6,7.5,65,0,0,1,FIRST,2,YES,one,PMEA,,PCOM,,no video.ate one,N/A,N/A,N/A,,,ate pocillopora by 11/15
Y,Y,Y,N,N,18,C079,11/5/2020,10:30:00 AM,12.5,12.5,21,Trios,M11,33,green,N033,N,7,11/12/2020,10:40:00 AM,11/19/2020,9:52:00 AM,7,PMEA_MCAP,PMEA_MCAP,1,MCAP,MCAP,NORTH,EF,8,8.5,4.5,45,0,45,0,NOT_EATEN,0,NO,one,PMEA,,MCAP,,no video.ate one,N/A,N/A,N/A,,,ate pocillopora by 11/15
Y,Y,Y,N,N,18,C079,11/5/2020,10:30:00 AM,12.5,12.5,21,Trios,M11,33,green,N033,N,7,11/12/2020,10:40:00 AM,11/19/2020,9:52:00 AM,7,PMEA_MCAP,PMEA_MCAP,2,PMEA,POSP,SOUTH,BR,9,11,9,35,0,0,1,FIRST,2,YES,one,PMEA,,MCAP,,no video.ate one,N/A,N/A,N/A,,,ate pocillopora by 11/15
Y,Y,Y,N,N,19,C080,11/5/2020,10:30:00 AM,11.5,11.5,17,Circle,M11,32,green,N031,N,7,11/12/2020,10:45:00 AM,11/19/2020,9:53:00 AM,7,PMEA_MCAP,PMEA_MCAP,1,MCAP,MCAP,NORTH,EF,7.5,6,3.5,40,0,40,0,NOT_EATEN,0,NO,one,PMEA,,MCAP,,no video.ate one,N/A,N/A,N/A,,,ate pocillopora by 11/15
Y,Y,Y,N,N,19,C080,11/5/2020,10:30:00 AM,11.5,11.5,17,Circle,M11,32,green,N031,N,7,11/12/2020,10:45:00 AM,11/19/2020,9:53:00 AM,7,PMEA_MCAP,PMEA_MCAP,2,PMEA,POSP,SOUTH,BR,8.5,1.5,7,55,0,0,1,FIRST,2,YES,one,PMEA,,MCAP,,no video.ate one,N/A,N/A,N/A,,,ate pocillopora by 11/15
Y,Y,Y,N,N,20,C081,11/5/2020,10:30:00 AM,12.5,12,21,Trios,I12,34,blue/green,N036,N,7,11/12/2020,10:52:00 AM,11/19/2020,9:54:00 AM,7,PMEA_MPAT,PMEA_MPAT,1,MPAT,MPAT,NORTH,EF,12,6.5,4,30,0,0,1,SECOND,1,YES,both,PMEA,MPAT,,,brush checked,N/A,N/A,N/A,,,ate pocillopora by 11/15
Y,Y,Y,N,N,20,C081,11/5/2020,10:30:00 AM,12.5,12,21,Trios,I12,34,blue/green,N036,N,7,11/12/2020,10:52:00 AM,11/19/2020,9:54:00 AM,7,PMEA_MPAT,PMEA_MPAT,2,PMEA,POSP,SOUTH,BR,8,3,6.5,80,0,0,1,FIRST,2,YES,both,PMEA,MPAT,,,brush checked,N/A,N/A,N/A,,,ate pocillopora by 11/15
Y,Y,Y,N,N,21,C077,11/17/2020,11:56:00 AM,11.5,10,18,East of Anchor,G13,38,green,N028,N028,7,11/24/2020,11:43:00 AM,12/1/2020,2:07:00 PM,7,PMEA_PCOM,PMEA_PCOM,1,PCOM,PCOM,NORTH,KN,13.5,6.5,10,75,0,75,0,NOT_EATEN,0,NO,one,PMEA,,PCOM,,no video.ate one,N/A,N/A,N/A,,,
Y,Y,Y,N,N,21,C077,11/17/2020,11:56:00 AM,11.5,10,18,East of Anchor,G13,38,green,N028,N028,7,11/24/2020,11:43:00 AM,12/1/2020,2:07:00 PM,7,PMEA_PCOM,PMEA_PCOM,2,PMEA,POSP,SOUTH,BR,14,7.5,9.5,80,0,5,0.94,FIRST,2,YES,one,PMEA,,PCOM,,no video.ate one,N/A,N/A,N/A,,,
Y,Y,Y,N,N,22,C078,11/17/2020,11:56:00 AM,10.5,10.5,15,East of Anchor,G13,38,blue/green,N027,N027,7,11/24/2020,11:48:00 AM,12/1/2020,2:18:00 PM,7,PGRA_PCOM,PMEA_PCOM,1,PCOM,PCOM,NORTH,KN,8.5,7.5,12.5,35,0,35,0,NOT_EATEN,0,NO,one,PGRA,,PCOM,,no video.ate one,N/A,N/A,N/A,,,
Y,Y,Y,N,N,22,C078,11/17/2020,11:56:00 AM,10.5,10.5,15,East of Anchor,G13,38,blue/green,N027,N027,7,11/24/2020,11:48:00 AM,12/1/2020,2:18:00 PM,7,PGRA_PCOM,PMEA_PCOM,2,PGRA,POSP,SOUTH,BR,10,7.5,11.5,65,0,0,1,FIRST,2,YES,one,PGRA,,PCOM,,no video.ate one,N/A,N/A,N/A,,,
Y,Y,Y,N,N,23,C079,11/17/2020,11:56:00 AM,11,11,16,POGR44,G15,41,green/brown,N026,N,7,11/24/2020,2:12:00 PM,12/1/2020,2:24:00 PM,7,PMEA_PCOM,PMEA_PCOM,1,PCOM,PCOM,NORTH,KN,7.5,4.5,8,20,0,20,0,NOT_EATEN,0,NO,one,PMEA,,PCOM,,no video.ate one,N/A,N/A,N/A,,,
Y,Y,Y,N,N,23,C079,11/17/2020,11:56:00 AM,11,11,16,POGR44,G15,41,green/brown,N026,N,7,11/24/2020,2:12:00 PM,12/1/2020,2:24:00 PM,7,PMEA_PCOM,PMEA_PCOM,2,PMEA,POSP,SOUTH,BR,7,5.5,4.5,70,0,0,1,FIRST,2,YES,one,PMEA,,PCOM,,no video.ate one,N/A,N/A,N/A,,,
Y,Y,Y,N,N,24,C080,11/17/2020,11:56:00 AM,10.5,11,17,POGR44,F16,44,blue,N080,N080,7,11/24/2020,2:30:00 PM,12/1/2020,2:30:00 PM,7,PMEA_PCOM,PMEA_PCOM,1,PCOM,PCOM,NORTH,KN,9.5,5.5,11,35,0,35,0,NOT_EATEN,0,NO,one,PMEA,,PCOM,,no video.ate one,N/A,N/A,N/A,,,
Y,Y,Y,N,N,24,C080,11/17/2020,11:56:00 AM,10.5,11,17,POGR44,F16,44,blue,N080,N080,7,11/24/2020,2:30:00 PM,12/1/2020,2:30:00 PM,7,PMEA_PCOM,PMEA_PCOM,2,PMEA,POSP,SOUTH,BR,7.5,3.5,9,75,0,0,1,FIRST,2,YES,one,PMEA,,PCOM,,no video.ate one,N/A,N/A,N/A,,,
Y,Y,Y,N,N,25,C081,11/17/2020,11:56:00 AM,12,11.5,17,East of Anchor,D11,46,green/blue,N029,N,7,11/24/2020,2:40:00 PM,12/1/2020,2:30:00 PM,7,PMEA_PCOM,PMEA_PCOM,1,PCOM,PCOM,NORTH,KN,8.5,4.5,8.5,70,0,70,0,NOT_EATEN,0,NO,one,PMEA,,PCOM,,no video.ate one,N/A,N/A,N/A,,,
Y,Y,Y,N,N,25,C081,11/17/2020,11:56:00 AM,12,11.5,17,East of Anchor,D11,46,green/blue,N029,N,7,11/24/2020,2:40:00 PM,12/1/2020,2:30:00 PM,7,PMEA_PCOM,PMEA_PCOM,2,PMEA,POSP,SOUTH,BR,5,4.5,4.5,90,0,0,1,FIRST,2,YES,one,PMEA,,PCOM,,no video.ate one,N/A,N/A,N/A,,,
N,Y,Y,N,N,26,C077,12/17/2020,2:09:00 PM,10,11,17,Circle,N12,25,green/brown,PIC_05,PIC_05,6,12/23/2020,11:32:00 AM,12/30/2020,10:14:00 AM,7,PCOM_MCAP,PCOM_MCAP,1,MCAP,MCAP,NORTH,EF,6,3,1.5,50,0,0,1,FIRST,2,YES,one,MCAP,,PCOM,,no video.ate one,N/A,N/A,N/A,,,
N,Y,Y,N,N,26,C077,12/17/2020,2:09:00 PM,10,11,17,Circle,N12,25,green/brown,PIC_05,PIC_05,6,12/23/2020,11:32:00 AM,12/30/2020,10:14:00 AM,7,PCOM_MCAP,PCOM_MCAP,2,PCOM,PCOM,SOUTH,KN,8.5,7.5,5,40,0,40,0,NOT_EATEN,0,NO,one,MCAP,,PCOM,,no video.ate one,N/A,N/A,N/A,,,
N,Y,Y,N,N,27,C078,12/17/2020,2:09:00 PM,11,11,18,Circle,N11,25,green/black,PIC_03,PIC_03,6,12/23/2020,11:41:00 AM,12/30/2020,10:19:00 AM,7,PLOB_MCAP,PLOB_MCAP,1,MCAP,MCAP,NORTH,EF,16,10.5,7.5,25,0,25,0,NOT_EATEN,0,NO,none,,,MCAP,PLOB,no video.didn't eat,N/A,N/A,N/A,,,
N,Y,Y,N,N,27,C078,12/17/2020,2:09:00 PM,11,11,18,Circle,N11,25,green/black,PIC_03,PIC_03,6,12/23/2020,11:41:00 AM,12/30/2020,10:19:00 AM,7,PLOB_MCAP,PLOB_MCAP,2,PLOB,PORM,SOUTH,MD,9.5,7.5,2.5,25,0,25,0,NOT_EATEN,0,NO,none,,,MCAP,PLOB,no video.didn't eat,N/A,N/A,N/A,,,
N,Y,Y,N,N,28,C079,12/17/2020,2:09:00 PM,11.5,12,18,POGR44,F17,39,red/brown,PIC_01,N,6,12/23/2020,1:57:00 PM,12/30/2020,10:24:00 AM,7,PCOM_MPAT,PCOM_MPAT,1,MPAT,MPAT,NORTH,EF,8,5.5,2.5,50,0,50,0,NOT_EATEN,0,NO,none,,,MPAT,PCOM,no video.didn't eat,N/A,N/A,N/A,,,
N,Y,Y,N,N,28,C079,12/17/2020,2:09:00 PM,11.5,12,18,POGR44,F17,39,red/brown,PIC_01,N,6,12/23/2020,1:57:00 PM,12/30/2020,10:24:00 AM,7,PCOM_MPAT,PCOM_MPAT,2,PCOM,PCOM,SOUTH,KN,9.5,5,11.5,50,0,50,0,NOT_EATEN,0,NO,none,,,MPAT,PCOM,no video.didn't eat,N/A,N/A,N/A,,,
N,Y,Y,N,N,29,C080,12/17/2020,2:09:00 PM,12.5,12.5,18,POGR44,F17,39,green/brown,PIC_02,N,6,12/23/2020,2:09:00 PM,12/30/2020,10:20:00 AM,7,PLOB_MPAT,PLOB_MPAT,1,MPAT,MPAT,NORTH,EF,12,10,5.5,50,0,0,1,FIRST,2,YES,both,MPAT,PLOB,,,checked mid week,N/A,N/A,N/A,,,
N,Y,Y,N,N,29,C080,12/17/2020,2:09:00 PM,12.5,12.5,18,POGR44,F17,39,green/brown,PIC_02,N,6,12/23/2020,2:09:00 PM,12/30/2020,10:20:00 AM,7,PLOB_MPAT,PLOB_MPAT,2,PLOB,PORM,SOUTH,MD,10.5,10.5,5.5,35,0,10,0.71,SECOND,1,YES,both,MPAT,PLOB,,,checked mid week,N/A,N/A,N/A,,,
N,Y,Y,N,N,30,C081,12/17/2020,2:09:00 PM,13,13,19,Circle,N12,25,green/yellow,PIC_06,N,6,12/23/2020,2:20:00 PM,12/30/2020,10:15:00 AM,7,PLOB_MCAP,PLOB_MCAP,1,MCAP,MCAP,NORTH,EF,16,8.5,5,15,0,15,0,NOT_EATEN,0,NO,none,,,MCAP,PLOB,no video.didn't eat,N/A,N/A,N/A,,,
N,Y,Y,N,N,30,C081,12/17/2020,2:09:00 PM,13,13,19,Circle,N12,25,green/yellow,PIC_06,N,6,12/23/2020,2:20:00 PM,12/30/2020,10:15:00 AM,7,PLOB_MCAP,PLOB_MCAP,2,PLOB,PORM,SOUTH,MD,6.5,6.5,2,50,0,50,0,NOT_EATEN,0,NO,none,,,MCAP,PLOB,no video.didn't eat,N/A,N/A,N/A,,,
Y,Y,Y,N,N,31,C077,12/29/2020,11:11:00 AM,12,11.5,18,East of Anchor,A14,46,green/brown/red,PIC_08,N,7,1/5/2021,11:07:00 AM,1/12/2021,11:36:00 AM,7,PMEA_FSCU,PMEA_FSCU,1,FSCU,FSCU,NORTH,FR,13,7,4,100,0,100,0,NOT_EATEN,0,NO,one,PMEA,,FSCU,,no video.ate one,N/A,N/A,N/A,,,
Y,Y,Y,N,N,31,C077,12/29/2020,11:11:00 AM,12,11.5,18,East of Anchor,A14,46,green/brown/red,PIC_08,N,7,1/5/2021,11:07:00 AM,1/12/2021,11:36:00 AM,7,PMEA_FSCU,PMEA_FSCU,2,PMEA,POSP,SOUTH,BR,13,9,12,40,1,0,1,FIRST,2,YES,one,PMEA,,FSCU,,no video.ate one,N/A,N/A,N/A,,,
Y,Y,Y,N,N,32,C078,12/29/2020,12:05:00 PM,13,12.5,19,Dagger,F7,34,yellow/brown,PIC_11,N,7,1/5/2021,11:13:00 AM,1/12/2021,11:39:00 AM,7,PMEA_FSCU,PMEA_FSCU,1,FSCU,FSCU,SOUTH,FR,9,6.5,2,90,0,90,0,NOT_EATEN,0,NO,one,PMEA,,FSCU,,no video.ate one,N/A,N/A,N/A,,,
Y,Y,Y,N,N,32,C078,12/29/2020,12:05:00 PM,13,12.5,19,Dagger,F7,34,yellow/brown,PIC_11,N,7,1/5/2021,11:13:00 AM,1/12/2021,11:39:00 AM,7,PMEA_FSCU,PMEA_FSCU,2,PMEA,POSP,NORTH,BR,9,7,8,85,0,0,1,FIRST,2,YES,one,PMEA,,FSCU,,no video.ate one,N/A,N/A,N/A,,,
Y,Y,Y,N,N,33,C079,12/29/2020,12:05:00 PM,11,11,18,East of Anchor,C15,44,green/brown,PIC_09,N,7,1/5/2021,11:20:00 AM,1/12/2021,11:42:00 AM,7,PGRA_MCAP,PMEA_MCAP,1,MCAP,MCAP,NORTH,EF,15.5,10.5,6.5,25,0,25,0,NOT_EATEN,0,NO,one,PGRA,,MCAP,,no video.ate one,N/A,N/A,N/A,,,ate only part of the PGRA
Y,Y,Y,N,N,33,C079,12/29/2020,12:05:00 PM,11,11,18,East of Anchor,C15,44,green/brown,PIC_09,N,7,1/5/2021,11:20:00 AM,1/12/2021,11:42:00 AM,7,PGRA_MCAP,PMEA_MCAP,2,PGRA,POSP,SOUTH,BR,15,8.5,16,45,0,20,0.56,FIRST,2,YES,one,PGRA,,MCAP,,no video.ate one,N/A,N/A,N/A,,,ate only part of the PGRA
Y,Y,Y,N,N,34,C080,12/29/2020,11:11:00 AM,11,11.5,15,East of Anchor,A14,44,green/black,N095,N095,7,1/5/2021,11:27:00 AM,1/12/2021,11:45:00 AM,7,PMEA_MPAT,PMEA_MPAT,1,MPAT,MPAT,SOUTH,EF,9.5,8,7.5,70,0,5,0.93,unknown,0.5,YES,both,BOTH,,,,unknown,N/A,N/A,N/A,,,"consumed both, wasn't able to tell the order"
Y,Y,Y,N,N,34,C080,12/29/2020,11:11:00 AM,11,11.5,15,East of Anchor,A14,44,green/black,N095,N095,7,1/5/2021,11:27:00 AM,1/12/2021,11:45:00 AM,7,PMEA_MPAT,PMEA_MPAT,2,PMEA,POSP,NORTH,BR,10,9,9,60,1,0,1,unknown,0.5,YES,both,BOTH,,,,unknown,N/A,N/A,N/A,,,"consumed both, wasn't able to tell the order"
Y,Y,Y,N,N,35,C081,12/29/2020,12:05:00 PM,12,12,17,East of Anchor,C15,44,blue,N080,N080,7,1/5/2021,11:44:00 AM,1/12/2021,11:48:00 AM,7,PMEA_MCAP,PMEA_MCAP,1,MCAP,MCAP,NORTH,EF,4.5,2.5,2.5,80,0,80,0,NOT_EATEN,0,NO,one,PMEA,,MCAP,,no video.ate one,N/A,N/A,N/A,,,
Y,Y,Y,N,N,35,C081,12/29/2020,12:05:00 PM,12,12,17,East of Anchor,C15,44,blue,N080,N080,7,1/5/2021,11:44:00 AM,1/12/2021,11:48:00 AM,7,PMEA_MCAP,PMEA_MCAP,2,PMEA,POSP,SOUTH,BR,3,2,2.5,80,0,0,1,FIRST,2,YES,one,PMEA,,MCAP,,no video.ate one,N/A,N/A,N/A,,,
N,N,Y,Y,N,36,C077,1/12/2021,11:42:00 AM,10.5,10.5,18,East of Anchor,G13,37,green/brown,N019,N,9,1/21/2021,12:24:00 PM,1/31/2021,9:45:00 AM,10,PMEA_MCAP,PMEA_MCAP,1,PMEA,POSP,NORTH,BR,5,4.5,5,80,0,0,1,FIRST,2,YES,both,PMEA,MCAP,,,,,,,,,
N,N,Y,Y,N,36,C077,1/12/2021,11:42:00 AM,10.5,10.5,18,East of Anchor,G13,37,green/brown,N019,N,9,1/21/2021,12:24:00 PM,1/31/2021,9:45:00 AM,10,PMEA_MCAP,PMEA_MCAP,2,MCAP,MCAP,SOUTH,EF,13,6.5,6,30,0,0,1,SECOND,1,YES,both,PMEA,MCAP,,,,,,,,,
N,N,Y,N,N,37,C078,1/12/2021,11:42:00 AM,11.5,11,14,East of Anchor,G13,35,yellow/brown,N040,N040,9,1/21/2021,12:26:00 PM,1/31/2021,9:46:00 AM,10,PMEA_MPAT,PMEA_MPAT,1,PMEA,POSP,NORTH,BR,5.5,2.5,3.5,90,0,0,1,FIRST,2,YES,one,PMEA,,MPAT,,no video.ate one,N/A,N/A,N/A,,,
N,N,Y,N,N,37,C078,1/12/2021,11:42:00 AM,11.5,11,14,East of Anchor,G13,35,yellow/brown,N040,N040,9,1/21/2021,12:26:00 PM,1/31/2021,9:46:00 AM,10,PMEA_MPAT,PMEA_MPAT,2,MPAT,MPAT,SOUTH,EF,5.5,5,2.5,25,0,25,0,NOT_EATEN,0,NO,one,PMEA,,MPAT,,no video.ate one,N/A,N/A,N/A,,,
N,N,Y,N,N,39,C080,1/12/2021,11:42:00 AM,14,14,22,East of Anchor,G12,32,red/yellow,PIC_14,N,9,1/21/2021,12:32:00 PM,1/31/2021,9:48:00 AM,10,PLOB_MPAT,PLOB_MPAT,1,PLOB,PORM,NORTH,MD,9,9.5,10.5,80,0,80,0,NOT_EATEN,0,NO,one,MPAT,,PLOB,,no video.ate one,N/A,N/A,N/A,,,
N,N,Y,N,N,39,C080,1/12/2021,11:42:00 AM,14,14,22,East of Anchor,G12,32,red/yellow,PIC_14,N,9,1/21/2021,12:32:00 PM,1/31/2021,9:48:00 AM,10,PLOB_MPAT,PLOB_MPAT,2,MPAT,MPAT,SOUTH,EF,12,8.5,6.5,45,0,0,1,FIRST,2,YES,one,MPAT,,PLOB,,no video.ate one,N/A,N/A,N/A,,,
N,N,Y,Y,N,40,C081,1/12/2021,11:42:00 AM,10.5,12,18,East of Anchor,G13,37,light green,N051,N,9,1/21/2021,12:37:00 PM,1/31/2021,9:51:00 AM,10,PLOB_MPAT,PLOB_MPAT,1,PLOB,PORM,NORTH,MD,11.5,8.5,9.5,85,0,85,0,NOT_EATEN,0,NO,one,MPAT,,PLOB,,,,,,,,"cage started rolling around, coral broke off and then in 2"
N,N,Y,Y,N,40,C081,1/12/2021,11:42:00 AM,10.5,12,18,East of Anchor,G13,37,light green,N051,N,9,1/21/2021,12:37:00 PM,1/31/2021,9:51:00 AM,10,PLOB_MPAT,PLOB_MPAT,2,MPAT,MPAT,SOUTH,EF,14,9,7,40,0,0,1,FIRST,2,YES,one,MPAT,,PLOB,,,,,,,,"cage started rolling around, coral broke off and then in 2"
N,Y,Y,Y,N,41,C077,1/31/2021,1:15:00 PM,10,10,17,Trios,J12,29,green/blue,PIC_25,PIC_25,4,2/4/2021,10:30:00 AM,2/11/2021,10:30:00 AM,7,PCOM_MCAP,PCOM_MCAP,1,PCOM,PCOM,NORTH,KN,8,3,5.5,40,0,40,0,NOT_EATEN,0,NO,none,,,PCOM,MCAP,,,,,,,"the corals looked like they could have possibly been eaten, not really sure if they were bu I don’t think so. The video the cuno spends a lot of time next to mcap but didn’t actually see it feeding"
N,Y,Y,Y,N,41,C077,1/31/2021,1:15:00 PM,10,10,17,Trios,J12,29,green/blue,PIC_25,PIC_25,4,2/4/2021,10:30:00 AM,2/11/2021,10:30:00 AM,7,PCOM_MCAP,PCOM_MCAP,2,MCAP,MCAP,SOUTH,EF,6.5,3,2,45,0,45,0,NOT_EATEN,0,NO,none,,,PCOM,MCAP,,,,,,,"the corals looked like they could have possibly been eaten, not really sure if they were bu I don’t think so. The video the cuno spends a lot of time next to mcap but didn’t actually see it feeding"
N,Y,Y,Y,N,42,C078,1/31/2021,1:15:00 PM,11.5,11.5,20,East of Anchor,G12,36,red/yellow,PIC_24,PIC_24,4,2/4/2021,10:55:00 AM,2/11/2021,10:30:00 AM,7,PLOB_MPAT,PLOB_MPAT,1,PLOB,PORM,SOUTH,MD,12.5,10,11.5,75,0,75,0,NOT_EATEN,0,NO,one,MPAT,,PLOB,,,,,,,,
N,Y,Y,Y,N,42,C078,1/31/2021,1:15:00 PM,11.5,11.5,20,East of Anchor,G12,36,red/yellow,PIC_24,PIC_24,4,2/4/2021,10:55:00 AM,2/11/2021,10:30:00 AM,7,PLOB_MPAT,PLOB_MPAT,2,MPAT,MPAT,NORTH,EF,16.5,16.5,8.5,35,0,5,0.86,FIRST,2,YES,one,MPAT,,PLOB,,,,,,,,
N,Y,Y,Y,N,43,C079,1/31/2021,11:25:00 AM,13,13,19,Trios,L11,29,yellow/brown,PIC_19,PIC_19,4,2/4/2021,11:00:00 AM,2/11/2021,10:30:00 AM,7,PMEA_MPAT,PMEA_MPAT,1,PMEA,POSP,NORTH,BR,10.5,5.5,12.5,30,1,0,1,SECOND,1,YES,both,MPAT,PMEA,,,,,,,,,got order of feeding from video. 
N,Y,Y,Y,N,43,C079,1/31/2021,11:25:00 AM,13,13,19,Trios,L11,29,yellow/brown,PIC_19,PIC_19,4,2/4/2021,11:00:00 AM,2/11/2021,10:30:00 AM,7,PMEA_MPAT,PMEA_MPAT,2,MPAT,MPAT,SOUTH,EF,9,5,6,25,0,5,0.8,FIRST,2,YES,both,MPAT,PMEA,,,,,,,,,got order of feeding from video. 
N,Y,Y,N,N,45,C081,1/31/2021,11:25:00 AM,10,10.5,20,Trios,L11,30,green/brown,PIC_20,N,4,2/4/2021,11:14:00 AM,2/11/2021,10:30:00 AM,7,PCOM_MPAT,PCOM_MPAT,1,PCOM,PCOM,SOUTH,KN,8,4,9.5,80,0,30,0.63,unknown,0.5,YES,both,BOTH,,,,unknown,N/A,N/A,N/A,,,I am pretty sure the compressa was eaten 
N,Y,Y,N,N,45,C081,1/31/2021,11:25:00 AM,10,10.5,20,Trios,L11,30,green/brown,PIC_20,N,4,2/4/2021,11:14:00 AM,2/11/2021,10:30:00 AM,7,PCOM_MPAT,PCOM_MPAT,2,MPAT,MPAT,NORTH,EF,7.5,2,3,35,0,0,1,unknown,0.5,YES,both,BOTH,,,,unknown,N/A,N/A,N/A,,,I am pretty sure the compressa was eaten 
Y,N,Y,N,N,46,C077,2/11/2021,11:16:00 AM,10.5,11.5,16,East of Anchor,B13,44,green/black,N095,N095,7,2/18/2021,11:45:00 AM,3/4/2021,10:47:00 AM,14,PMEA_MCAP,PMEA_MCAP,1,PMEA,POSP,NORTH,BR,6.5,1,5.5,80,0,0,1,FIRST,2,YES,one,PMEA,,MCAP,,,,,,,,
Y,N,Y,N,N,46,C077,2/11/2021,11:16:00 AM,10.5,11.5,16,East of Anchor,B13,44,green/black,N095,N095,7,2/18/2021,11:45:00 AM,3/4/2021,10:47:00 AM,14,PMEA_MCAP,PMEA_MCAP,2,MCAP,MCAP,SOUTH,EF,3,2.5,2.5,55,0,55,0,NOT_EATEN,0,NO,one,PMEA,,MCAP,,,,,,,,
Y,N,Y,half,N,47,C078,2/11/2021,11:16:00 AM,12.5,11.5,21,East of Anchor,C14,44,green,PIC_29,PIC_29,7,2/18/2021,12:00:00 PM,3/4/2021,10:43:00 AM,14,PMEA_MCAP,PMEA_MCAP,1,PMEA,POSP,SOUTH,BR,4,3,6.5,90,0,9,0.9,FIRST,2,YES,both,PMEA,MCAP,,,,,,,,,
Y,N,Y,half,N,47,C078,2/11/2021,11:16:00 AM,12.5,11.5,21,East of Anchor,C14,44,green,PIC_29,PIC_29,7,2/18/2021,12:00:00 PM,3/4/2021,10:43:00 AM,14,PMEA_MCAP,PMEA_MCAP,2,MCAP,MCAP,NORTH,EF,5,3,2.5,60,0,5,0.92,SECOND,1,YES,both,PMEA,MCAP,,,,,,,,,
Y,N,Y,Y,N,48,C079,2/11/2021,11:16:00 AM,12,11.5,16,East of Anchor,A14,40,yellow,N028,N028,7,2/18/2021,12:07:00 PM,3/4/2021,10:36:00 AM,14,PMEA_PCOM,PMEA_PCOM,1,PMEA,POSP,NORTH,BR,10,6,8.5,80,1,0,1,FIRST,2,YES,both,PMEA,PCOM,,,,,,,,,might have been eating the orange stringy stuff that was on the rock with the compressa; unintentionally eating PCOM
Y,N,Y,Y,N,48,C079,2/11/2021,11:16:00 AM,12,11.5,16,East of Anchor,A14,40,yellow,N028,N028,7,2/18/2021,12:07:00 PM,3/4/2021,10:36:00 AM,14,PMEA_PCOM,PMEA_PCOM,2,PCOM,PCOM,SOUTH,KN,11.5,7.5,8.5,50,0,30,0.4,SECOND,1,YES,both,PMEA,PCOM,,,,,,,,,might have been eating the orange stringy stuff that was on the rock with the compressa; unintentionally eating PCOM
N,N,Y,Y,N,51,C152,3/4/2021,10:45:00 AM,11.5,11.5,20,Dagger,E8,32,green/brown,PIC_36,N,14,3/18/2021,4:09:00 PM,3/28/2021,12:30:00 PM,10,MCAP_MPAT,MCAP_MPAT,1,MCAP,MCAP,SOUTH,EF,8,6.5,2.5,30,0,0,1,SECOND,1,YES,both,MPAT,MCAP,,,,,,,,,did't see eating MCAP but ate MPAT within a day of starting trial
N,N,Y,Y,N,51,C152,3/4/2021,10:45:00 AM,11.5,11.5,20,Dagger,E8,32,green/brown,PIC_36,N,14,3/18/2021,4:09:00 PM,3/28/2021,12:30:00 PM,10,MCAP_MPAT,MCAP_MPAT,2,MPAT,MPAT,NORTH,EF,10,9.5,4,40,0,0,1,FIRST,2,YES,both,MPAT,MCAP,,,,,,,,,did't see eating MCAP but ate MPAT within a day of starting trial
N,N,Y,N,N,52,C079,3/4/2021,10:45:00 AM,11,11.5,19,East of Anchor,G10,33,green/yellow,PIC_34,N,14,3/18/2021,4:15:00 PM,3/28/2021,12:33:00 PM,10,PLOB_MPAT,PLOB_MPAT,1,PLOB,PORM,NORTH,MD,6.5,5,2.5,60,0,0,1,unknown,0.5,YES,both,BOTH,,,,unknown,N/A,N/A,N/A,,,
N,N,Y,N,N,52,C079,3/4/2021,10:45:00 AM,11,11.5,19,East of Anchor,G10,33,green/yellow,PIC_34,N,14,3/18/2021,4:15:00 PM,3/28/2021,12:33:00 PM,10,PLOB_MPAT,PLOB_MPAT,2,MPAT,MPAT,SOUTH,EF,13.5,5,7,35,0,0,1,unknown,0.5,YES,both,BOTH,,,,unknown,N/A,N/A,N/A,,,
N,N,Y,Y,N,53,C078,3/4/2021,10:45:00 AM,12,11,20,East of Anchor,F10,34,green/brown,PIC_33,N,14,3/18/2021,4:17:00 PM,3/28/2021,12:37:00 PM,10,MCAP_MPAT,MCAP_MPAT,1,MCAP,MCAP,SOUTH,EF,11.5,10.5,5.5,40,0,0,1,unknown,0.5,YES,both,BOTH,,,,,,,,,,ate MCAP by 3/23 but wasn't able to see it eating MPAT in the videos
N,N,Y,Y,N,53,C078,3/4/2021,10:45:00 AM,12,11,20,East of Anchor,F10,34,green/brown,PIC_33,N,14,3/18/2021,4:17:00 PM,3/28/2021,12:37:00 PM,10,MCAP_MPAT,MCAP_MPAT,2,MPAT,MPAT,NORTH,EF,12,7,4.5,35,0,0,1,unknown,0.5,YES,both,BOTH,,,,,,,,,,ate MCAP by 3/23 but wasn't able to see it eating MPAT in the videos
N,N,Y,N,N,54,C077,3/4/2021,10:45:00 AM,10,10.5,17,East of Anchor,A14,50,yellow/black,PIC_31,PIC_31,14,3/18/2021,4:15:00 PM,3/28/2021,12:41:00 PM,10,MCAP_MPAT,MCAP_MPAT,1,MPAT,MPAT,SOUTH,EF,8,6,4,25,0,25,0,NOT_EATEN,0,NO,one,MCAP,,MPAT,,no video.ate one,N/A,N/A,N/A,,,
N,N,Y,N,N,54,C077,3/4/2021,10:45:00 AM,10,10.5,17,East of Anchor,A14,50,yellow/black,PIC_31,PIC_31,14,3/18/2021,4:15:00 PM,3/28/2021,12:41:00 PM,10,MCAP_MPAT,MCAP_MPAT,2,MCAP,MCAP,NORTH,EF,5,3,2.5,20,0,0,1,FIRST,2,YES,one,MCAP,,MPAT,,no video.ate one,N/A,N/A,N/A,,,
N,N,Y,Y,N,55,C153,3/4/2021,10:45:00 AM,13,13,21,East of Anchor,D12,36,blue/yellow,PIC_26,PIC_26,14,3/18/2021,4:13:00 PM,3/28/2021,12:49:00 PM,10,MCAP_MPAT,MCAP_MPAT,1,MCAP,MCAP,NORTH,EF,3,2.5,2,50,0,0,1,SECOND,1,YES,both,MPAT,MCAP,,,,,,,,,ate MPAT 3/21 and MCAP 3/22
N,N,Y,Y,N,55,C153,3/4/2021,10:45:00 AM,13,13,21,East of Anchor,D12,36,blue/yellow,PIC_26,PIC_26,14,3/18/2021,4:13:00 PM,3/28/2021,12:49:00 PM,10,MCAP_MPAT,MCAP_MPAT,2,MPAT,MPAT,SOUTH,EF,7.5,4.5,4.5,40,0,0,1,FIRST,2,YES,both,MPAT,MCAP,,,,,,,,,ate MPAT 3/21 and MCAP 3/22
N,Y,Y,N,N,56,C152,4/3/2021,11:00:00 AM,10.5,11,16,Circle,O11,20,green/red,N058,N,5,4/8/2021,10:30:00 AM,4/15/2021,11:50:00 AM,7,PCOM_MCAP,PCOM_MCAP,1,PCOM,PCOM,SOUTH,KN,9.5,6.5,2.5,65,0,65,0,NOT_EATEN,0,NO,one,MCAP,,PCOM,,no video.ate one,N/A,N/A,N/A,,,
N,Y,Y,N,N,56,C152,4/3/2021,11:00:00 AM,10.5,11,16,Circle,O11,20,green/red,N058,N,5,4/8/2021,10:30:00 AM,4/15/2021,11:50:00 AM,7,PCOM_MCAP,PCOM_MCAP,2,MCAP,MCAP,NORTH,EF,9,6.5,3,55,0,0,1,FIRST,2,YES,one,MCAP,,PCOM,,no video.ate one,N/A,N/A,N/A,,,
N,Y,Y,N,N,57,C079,4/3/2021,11:00:00 AM,11.5,11.5,20,Circle,N11,20,light green,PIC_04,PIC_04,5,4/8/2021,10:35:00 AM,4/15/2021,11:52:00 AM,7,PCOM_MCAP,PCOM_MCAP,1,PCOM,PCOM,SOUTH,KN,3.5,2,3,60,0,60,0,NOT_EATEN,0,NO,none,,,PCOM,MCAP,no video.didn't eat,N/A,N/A,N/A,,,
N,Y,Y,N,N,57,C079,4/3/2021,11:00:00 AM,11.5,11.5,20,Circle,N11,20,light green,PIC_04,PIC_04,5,4/8/2021,10:35:00 AM,4/15/2021,11:52:00 AM,7,PCOM_MCAP,PCOM_MCAP,2,MCAP,MCAP,NORTH,EF,5,3,1,40,0,40,0,NOT_EATEN,0,NO,none,,,PCOM,MCAP,no video.didn't eat,N/A,N/A,N/A,,,
N,Y,Y,N,N,58,C078,4/3/2021,11:00:00 AM,13,13,20,Trios,K12,29,green/red,PIC_46,PIC_46,5,4/8/2021,11:00:00 AM,4/15/2021,11:55:00 AM,7,PLOB_MCAP,PLOB_MCAP,1,PLOB,PORM,NORTH,MD,7,6,2,50,0,50,0,NOT_EATEN,0,NO,none,,,PLOB,MCAP,no video.didn't eat,N/A,N/A,N/A,,,
N,Y,Y,N,N,58,C078,4/3/2021,11:00:00 AM,13,13,20,Trios,K12,29,green/red,PIC_46,PIC_46,5,4/8/2021,11:00:00 AM,4/15/2021,11:55:00 AM,7,PLOB_MCAP,PLOB_MCAP,2,MCAP,MCAP,SOUTH,EF,9,3,4,40,0,40,0,NOT_EATEN,0,NO,none,,,PLOB,MCAP,no video.didn't eat,N/A,N/A,N/A,,,
N,Y,Y,N,N,59,C077,4/3/2021,11:00:00 AM,10,10,19,Circle,N11,20,blue/green,PIC_25,PIC_25,5,4/8/2021,11:15:00 AM,4/15/2021,12:00:00 PM,7,PCOM_MPAT,PCOM_MPAT,1,PCOM,PCOM,NORTH,KN,7.5,3,4,25,0,5,0.8,FIRST,2,YES,one,MPAT,,PCOM,,no video.ate one,N/A,N/A,N/A,,,
N,Y,Y,N,N,59,C077,4/3/2021,11:00:00 AM,10,10,19,Circle,N11,20,blue/green,PIC_25,PIC_25,5,4/8/2021,11:15:00 AM,4/15/2021,12:00:00 PM,7,PCOM_MPAT,PCOM_MPAT,2,MPAT,MPAT,SOUTH,EF,7.5,5,4.5,15,0,15,0,NOT_EATEN,0,NO,one,MPAT,,PCOM,,no video.ate one,N/A,N/A,N/A,,,
N,Y,Y,Y,N,60,C153,4/3/2021,11:00:00 AM,11.5,11,20,Lobata field,K10,29,red/yellow,PIC_24,PIC_24,5,4/8/2021,11:05:00 AM,4/15/2021,12:03:00 PM,7,PLOB_MPAT,PLOB_MPAT,1,PLOB,PORM,SOUTH,MD,10,9,8,70,0,70,0,NOT_EATEN,0,NO,one,MPAT,,PLOB,,,,,,,,
N,Y,Y,Y,N,60,C153,4/3/2021,11:00:00 AM,11.5,11,20,Lobata field,K10,29,red/yellow,PIC_24,PIC_24,5,4/8/2021,11:05:00 AM,4/15/2021,12:03:00 PM,7,PLOB_MPAT,PLOB_MPAT,2,MPAT,MPAT,NORTH,EF,14,8,7,40,0,0,1,FIRST,2,YES,one,MPAT,,PLOB,,,,,,,,
Y,Y,Y,Y,N,61,C153,4/15/2021,12:00:00 PM,13,12.5,22,Split,H8,30,green/brown,PIC_49,N,7,4/22/2021,11:55:00 AM,4/29/2021,10:05:00 AM,7,PMEA_MPAT,PMEA_MPAT,1,PMEA,POSP,NORTH,BR,14,11,12,80,1,0,1,FIRST,2,YES,both,PMEA,MPAT,,,,,,,,,Ate MPAT on 4/28 at 7am
Y,Y,Y,Y,N,61,C153,4/15/2021,12:00:00 PM,13,12.5,22,Split,H8,30,green/brown,PIC_49,N,7,4/22/2021,11:55:00 AM,4/29/2021,10:05:00 AM,7,PMEA_MPAT,PMEA_MPAT,2,MPAT,MPAT,SOUTH,EF,20.5,16.5,10.5,30,0,15,0.5,SECOND,1,YES,both,PMEA,MPAT,,,,,,,,,Ate MPAT on 4/28 at 7am
Y,Y,Y,Y,N,62,C077,4/15/2021,12:00:00 PM,13.5,14,21,Dagger,F7,31,blue/brown,PIC_26,PIC_26,7,4/22/2021,11:58:00 AM,4/29/2021,10:06:00 AM,7,MCAP_MPAT,MCAP_MPAT,1,MCAP,MCAP,NORTH,EF,6.5,6,2.5,35,0,35,0,NOT_EATEN,0,NO,one,MPAT,,MCAP,,,,,,,,
Y,Y,Y,Y,N,62,C077,4/15/2021,12:00:00 PM,13.5,14,21,Dagger,F7,31,blue/brown,PIC_26,PIC_26,7,4/22/2021,11:58:00 AM,4/29/2021,10:06:00 AM,7,MCAP_MPAT,MCAP_MPAT,2,MPAT,MPAT,SOUTH,EF,8.5,3,2,40,0,0,1,FIRST,2,YES,one,MPAT,,MCAP,,,,,,,,
N,Y,Y,N,N,64,C079,4/3/2021,11:00:00 AM,10.5,10.5,16,Circle,M11,28,yellow,T0046,T0046,19,4/22/2021,12:04:00 PM,4/29/2021,10:08:00 AM,7,PMEA_MPAT,PMEA_MPAT,1,PMEA,POSP,NORTH,BR,5.5,9.5,7.5,85,0,0,1,FIRST,2,YES,one,PMEA,,MPAT,,no video.ate one,N/A,N/A,N/A,,,
N,Y,Y,N,N,64,C079,4/3/2021,11:00:00 AM,10.5,10.5,16,Circle,M11,28,yellow,T0046,T0046,19,4/22/2021,12:04:00 PM,4/29/2021,10:08:00 AM,7,PMEA_MPAT,PMEA_MPAT,2,MPAT,MPAT,SOUTH,EF,11.5,10.5,11.5,30,0,30,0,NOT_EATEN,0,NO,one,PMEA,,MPAT,,no video.ate one,N/A,N/A,N/A,,,
Y,Y,Y,N,N,65,C152,4/15/2021,12:00:00 PM,10.5,10.5,16,Stump,J5,17,yellow/orange,PIC_48,PIC_48,7,4/22/2021,12:07:00 PM,4/29/2021,10:09:00 AM,7,MCAP_MPAT,MCAP_MPAT,1,MCAP,MCAP,SOUTH,EF,3.5,2.5,0.5,50,0,50,0,NOT_EATEN,0,NO,one,MPAT,,MCAP,,,,,,,,
Y,Y,Y,N,N,65,C152,4/15/2021,12:00:00 PM,10.5,10.5,16,Stump,J5,17,yellow/orange,PIC_48,PIC_48,7,4/22/2021,12:07:00 PM,4/29/2021,10:09:00 AM,7,MCAP_MPAT,MCAP_MPAT,2,MPAT,MPAT,NORTH,EF,6.5,5,2.5,25,0,0,1,FIRST,2,YES,one,MPAT,,MCAP,,,,,,,,
Y,Y,Y,Y,N,66,C153,4/29/2021,3:10:00 PM,12.5,12,18,Circle,N11,28,yellow/brown,PIC_55,N,7,5/6/2021,1:55:00 PM,5/13/2021,11:05:00 AM,7,PMEA_MPAT,PMEA_MPAT,1,PMEA,POSP,NORTH,BR,8,4.5,5.5,85,1,0,1,FIRST,2,YES,one,PMEA,,MPAT,,ate one,coral went from color to white from 5/7 to 5/8,0,5/7/2021 overnight,,,
Y,Y,Y,Y,N,66,C153,4/29/2021,3:10:00 PM,12.5,12,18,Circle,N11,28,yellow/brown,PIC_55,N,7,5/6/2021,1:55:00 PM,5/13/2021,11:05:00 AM,7,PMEA_MPAT,PMEA_MPAT,2,MPAT,MPAT,SOUTH,EF,11,5,4,35,0,35,0,NOT_EATEN,0,NO,one,PMEA,,MPAT,,ate one,N/A,N/A,N/A,,,
Y,Y,Y,Y,N,67,C077,4/29/2021,3:10:00 PM,8.5,8.5,15,Trios,M11,29,yellow/brown,PIC_56,N,7,5/6/2021,11:45:00 AM,5/13/2021,11:01:00 AM,7,PMEA_MPAT,PMEA_MPAT,1,PMEA,POSP,SOUTH,BR,4.5,3.5,7.5,50,1,0,1,FIRST,2,YES,both,PMEA,MPAT,,,Y,coral went from color to white from 5/6 to 5/7,0,5/6/21 overnight,,,"algae on POSP, not MPAT -  also suggests POSP eaten first"
Y,Y,Y,Y,N,67,C077,4/29/2021,3:10:00 PM,8.5,8.5,15,Trios,M11,29,yellow/brown,PIC_56,N,7,5/6/2021,11:45:00 AM,5/13/2021,11:01:00 AM,7,PMEA_MPAT,PMEA_MPAT,2,MPAT,MPAT,NORTH,EF,5.5,3.5,3.5,85,0,0,1,SECOND,1,YES,both,PMEA,MPAT,,,Y,ate on video,12,5/10/2021 7:00,,,"algae on POSP, not MPAT -  also suggests POSP eaten first"
Y,Y,Y,Y,N,68,C078,4/29/2021,3:10:00 PM,11,11.5,17,Trios,J12,26,green/black,PIC_54,N,7,5/6/2021,11:30:00 AM,5/13/2021,10:58:00 AM,7,MCAP_MPAT,MCAP_MPAT,1,MPAT,MPAT,SOUTH,EF,8.5,7,4,40,0,40,0,NOT_EATEN,0,NO,none,,,MPAT,MCAP,didn't eat,N/A,N/A,N/A,,,
Y,Y,Y,Y,N,68,C078,4/29/2021,3:10:00 PM,11,11.5,17,Trios,J12,26,green/black,PIC_54,N,7,5/6/2021,11:30:00 AM,5/13/2021,10:58:00 AM,7,MCAP_MPAT,MCAP_MPAT,2,MCAP,MCAP,NORTH,EF,7.5,5,4,35,0,35,0,NOT_EATEN,0,NO,none,,,MPAT,MCAP,didn't eat,N/A,N/A,N/A,,,
Y,Y,Y,Y,N,69,C079,4/29/2021,3:10:00 PM,12,12.5,17,Circle,N11,28,aqua,PIC_04,PIC_04,7,5/6/2021,11:15:00 AM,5/13/2021,10:53:00 AM,7,PMEA_MCAP,PMEA_MCAP,1,PMEA,POSP,SOUTH,BR,6,5,5.5,40,1,0,1,FIRST,2,YES,one,PMEA,,MCAP,,ate one,didn't eat on video,N/A,N/A,,,
Y,Y,Y,Y,N,69,C079,4/29/2021,3:10:00 PM,12,12.5,17,Circle,N11,28,aqua,PIC_04,PIC_04,7,5/6/2021,11:15:00 AM,5/13/2021,10:53:00 AM,7,PMEA_MCAP,PMEA_MCAP,2,MCAP,MCAP,NORTH,EF,6.5,5,4,30,0,30,0,NOT_EATEN,0,NO,one,PMEA,,MCAP,,ate one,N/A,N/A,N/A,,,
Y,Y,Y,Y,N,70,C152,4/29/2021,3:10:00 PM,11.5,11.5,19,Circle,N12,28,yellow/black,PIC_03,PIC_03,7,5/6/2021,10:55:00 AM,5/13/2021,10:50:00 AM,7,PLOB_MPAT,PLOB_MPAT,1,PLOB,PORM,SOUTH,MD,9.5,6,5.5,60,0,60,0,NOT_EATEN,0,YES,one,MPAT,,PLOB,,ate one,N/A,N/A,N/A,,,
Y,Y,Y,Y,N,70,C152,4/29/2021,3:10:00 PM,11.5,11.5,19,Circle,N12,28,yellow/black,PIC_03,PIC_03,7,5/6/2021,10:55:00 AM,5/13/2021,10:50:00 AM,7,PLOB_MPAT,PLOB_MPAT,2,MPAT,MPAT,NORTH,EF,18,9,8.5,50,0,0,1,FIRST,2,YES,one,MPAT,,PLOB,,ate one,N/A,12,5/8/2021 7:00,,,
Y,Y,Y,N,N,71,C152,5/13/2021,11:10:00 AM,11,11,19,East of Anchor,F10,45,blue,N080,N080,7,5/20/2021,11:10:00 AM,5/27/2021,10:20:00 AM,7,PCOM_MPAT,PCOM_MPAT,1,PCOM,PCOM,NORTH,KN,15,9,16,35,0,35,0,NOT_EATEN,0,NO,none,,,PCOM,MPAT,no video.didn't eat,N/A,N/A,N/A,,,
Y,Y,Y,N,N,71,C152,5/13/2021,11:10:00 AM,11,11,19,East of Anchor,F10,45,blue,N080,N080,7,5/20/2021,11:10:00 AM,5/27/2021,10:20:00 AM,7,PCOM_MPAT,PCOM_MPAT,2,MPAT,MPAT,SOUTH,EF,12,11,11,75,0,75,0,NOT_EATEN,0,NO,none,,,PCOM,MPAT,no video.didn't eat,N/A,N/A,N/A,,,
Y,Y,Y,N,N,72,C079,5/13/2021,11:10:00 AM,10,9.5,14,Trios,J12,33,yellow/brown,PIC_58,N,7,5/20/2021,11:24:00 AM,5/27/2021,10:15:00 AM,7,PMEA_MCAP,PMEA_MCAP,1,PMEA,POSP,SOUTH,BR,6.5,4,3,85,0,0,1,FIRST,2,YES,one,PMEA,,MCAP,,no video.ate one,N/A,N/A,N/A,,,
Y,Y,Y,N,N,72,C079,5/13/2021,11:10:00 AM,10,9.5,14,Trios,J12,33,yellow/brown,PIC_58,N,7,5/20/2021,11:24:00 AM,5/27/2021,10:15:00 AM,7,PMEA_MCAP,PMEA_MCAP,2,MCAP,MCAP,NORTH,EF,8.5,4.5,3.5,50,0,50,0,NOT_EATEN,0,NO,one,PMEA,,MCAP,,no video.ate one,N/A,N/A,N/A,,,
Y,Y,Y,Y,N,73,C078,5/13/2021,11:10:00 AM,10,10.5,15,Split,H10,30,red/yellow,PIC_60,N,7,5/20/2021,11:34:00 AM,5/27/2021,10:32:00 AM,7,PLOB_MPAT,PLOB_MPAT,1,PLOB,PORM,NORTH,MD,15,13,12,65,0,65,0,NOT_EATEN,0,NO,none,,,PLOB,MPAT,no video.didn't eat,N/A,N/A,N/A,,,
Y,Y,Y,Y,N,73,C078,5/13/2021,11:10:00 AM,10,10.5,15,Split,H10,30,red/yellow,PIC_60,N,7,5/20/2021,11:34:00 AM,5/27/2021,10:32:00 AM,7,PLOB_MPAT,PLOB_MPAT,2,MPAT,MPAT,SOUTH,EF,15.5,10.5,7,50,0,50,0,NOT_EATEN,0,NO,none,,,PLOB,MPAT,no video.didn't eat,N/A,N/A,N/A,,,
Y,Y,Y,Y,N,74,C077,5/13/2021,11:10:00 AM,9.5,10,14,Split,H10,30,yellow,PIC_59,N,7,5/20/2021,11:49:00 AM,5/27/2021,10:37:00 AM,7,PMEA_MCAP,PMEA_MCAP,1,PMEA,POSP,NORTH,BR,10.5,6.5,9.5,60,0,0,1,FIRST,2,YES,one,PMEA,,MCAP,,ate one,ate on video,1,5/20/2021  overnight,,,
Y,Y,Y,Y,N,74,C077,5/13/2021,11:10:00 AM,9.5,10,14,Split,H10,30,yellow,PIC_59,N,7,5/20/2021,11:49:00 AM,5/27/2021,10:37:00 AM,7,PMEA_MCAP,PMEA_MCAP,2,MCAP,MCAP,SOUTH,EF,10.5,10,6,40,0,40,0,NOT_EATEN,0,NO,one,PMEA,,MCAP,,ate one,N/A,N/A,N/A,,,
Y,Y,Y,Y,N,75,C153,5/13/2021,11:10:00 AM,12,12,19,Trios,J12,33,green/brown,T0150,N,7,5/20/2021,12:00:00 PM,5/27/2021,10:14:00 AM,7,PMEA_MPAT,PMEA_MPAT,1,PGRA,POSP,NORTH,BR,11.5,10,27,50,0,50,0,NOT_EATEN,0,NO,one,MPAT,,PGRA,,ate one,N/A,N/A,,,,
Y,Y,Y,Y,N,75,C153,5/13/2021,11:10:00 AM,12,12,19,Trios,J12,33,green/brown,T0150,N,7,5/20/2021,12:00:00 PM,5/27/2021,10:14:00 AM,7,PMEA_MPAT,PMEA_MPAT,2,MPAT,MPAT,SOUTH,EF,17,15,14,50,0,20,0.6,FIRST,2,YES,one,MPAT,,PGRA,,ate one,ate on video,13,5/26/2021 6:00,,,
Y,Y,Y,Y,N,76,C152,6/17/2021,1:15:00 PM,11,11,16,Dagger,F7,28,brown/yellow,PIC_61,PIC_61,7,6/24/2021,1:55:00 PM,7/1/2021,10:50:00 AM,7,PMEA_PCOM,PMEA_PCOM,1,PCOM,PCOM,NORTH,KN,8.5,6,6,40,0,40,0,NOT_EATEN,0,NO,one,PMEA,,PCOM,,ate one,N/A,N/A,N/A,,,
Y,Y,Y,Y,N,76,C152,6/17/2021,1:15:00 PM,11,11,16,Dagger,F7,28,brown/yellow,PIC_61,PIC_61,7,6/24/2021,1:55:00 PM,7/1/2021,10:50:00 AM,7,PMEA_PCOM,PMEA_PCOM,2,PMEA,POSP,SOUTH,BR,12,9.5,10.5,25,0,0,1,FIRST,2,YES,one,PMEA,,PCOM,,ate one,didn't eat on video,N/A,N/A,,,
Y,Y,Y,N,Y,77,C079,6/17/2021,1:15:00 PM,11.5,11.5,18,Dagger,F7,28,yellow/blue,N097,N,7,6/24/2021,2:09:00 PM,7/1/2021,10:57:00 AM,7,PMEA_PCOM,PMEA_PCOM,1,PCOM,PCOM,SOUTH,KN,5,2,4.5,95,0,95,0,NOT_EATEN,0,NO,one,PMEA,,PCOM,,ate one,N/A,N/A,N/A,,,
Y,Y,Y,N,Y,77,C079,6/17/2021,1:15:00 PM,11.5,11.5,18,Dagger,F7,28,yellow/blue,N097,N,7,6/24/2021,2:09:00 PM,7/1/2021,10:57:00 AM,7,PMEA_PCOM,PMEA_PCOM,2,PMEA,POSP,NORTH,BR,7.5,4,8,30,0,0,1,FIRST,2,YES,one,PMEA,,PCOM,,ate one,coral went from color to white from 6/26 to 6/27,N/A,6/26 overnight,,,
Y,Y,Y,Y,N,78,C078,6/17/2021,1:15:00 PM,11,11,17,East of Anchor,G13,31,yellow/brown,N072,N,7,6/24/2021,2:19:00 PM,7/1/2021,11:02:00 AM,7,PMEA_PCOM,PMEA_PCOM,1,PCOM,PCOM,SOUTH,KN,8.5,5.5,9,90,0,90,0,NOT_EATEN,0,NO,none,,,PMEA,PCOM,didn't eat,N/A,N/A,N/A,,,
Y,Y,Y,Y,N,78,C078,6/17/2021,1:15:00 PM,11,11,17,East of Anchor,G13,31,yellow/brown,N072,N,7,6/24/2021,2:19:00 PM,7/1/2021,11:02:00 AM,7,PMEA_PCOM,PMEA_PCOM,2,PMEA,POSP,NORTH,BR,13,12.5,12,20,0,20,0,NOT_EATEN,0,NO,none,,,PMEA,PCOM,didn't eat,N/A,N/A,N/A,,,
Y,Y,Y,Y,N,79,C077,6/17/2021,1:15:00 PM,10.5,11,19,East of Anchor,G12,34,black/yellow,PIC_31,PIC_31,7,6/24/2021,2:27:00 PM,7/1/2021,11:07:00 AM,7,PLOB_MPAT,PLOB_MPAT,1,PLOB,PORM,SOUTH,MD,11,9,15,75,0,75,0,NOT_EATEN,0,NO,none,,,PLOB,MPAT,didn't eat,N/A,N/A,N/A,,,
Y,Y,Y,Y,N,79,C077,6/17/2021,1:15:00 PM,10.5,11,19,East of Anchor,G12,34,black/yellow,PIC_31,PIC_31,7,6/24/2021,2:27:00 PM,7/1/2021,11:07:00 AM,7,PLOB_MPAT,PLOB_MPAT,2,MPAT,MPAT,NORTH,EF,13,9,11,40,0,40,0,NOT_EATEN,0,NO,none,,,PLOB,MPAT,didn't eat,N/A,N/A,N/A,,,
Y,Y,Y,Y,N,81,C152,7/15/2021,11:10:00 AM,10,10,17,East of Anchor,A16,43,yellow/brown,PIC_66,N,7,7/22/2021,2:15:00 PM,7/29/2021,1:45:00 PM,7,PMEA_PCOM,PMEA_PCOM,1,PCOM,PCOM,SOUTH,KN,10,4.5,11.5,55,0,55,0,NOT_EATEN,0,NO,none,,,PMEA,PCOM,didn't eat,N/A,N/A,N/A,,,
Y,Y,Y,Y,N,81,C152,7/15/2021,11:10:00 AM,10,10,17,East of Anchor,A16,43,yellow/brown,PIC_66,N,7,7/22/2021,2:15:00 PM,7/29/2021,1:45:00 PM,7,PMEA_PCOM,PMEA_PCOM,2,PMEA,POSP,NORTH,BR,7.5,2.5,7.5,95,0,95,0,NOT_EATEN,0,NO,none,,,PMEA,PCOM,didn't eat,N/A,N/A,N/A,,,
Y,Y,Y,N,N,82,C079,7/15/2021,1:38:00 PM,13.5,14,24,Stump,K4,19,orange,PIC_67,N,7,7/22/2021,2:10:00 PM,7/29/2021,1:50:00 PM,7,PMEA_PCOM,PMEA_PCOM,1,PCOM,PCOM,NORTH,KN,3.5,3,5.5,65,0,65,0,NOT_EATEN,0,NO,one,PMEA,,PCOM,,ate one,N/A,N/A,N/A,,,
Y,Y,Y,N,N,82,C079,7/15/2021,1:38:00 PM,13.5,14,24,Stump,K4,19,orange,PIC_67,N,7,7/22/2021,2:10:00 PM,7/29/2021,1:50:00 PM,7,PMEA_PCOM,PMEA_PCOM,2,PMEA,POSP,SOUTH,BR,2.5,2,5,95,0,0,1,FIRST,2,YES,one,PMEA,,PCOM,,ate one,didn't eat on video,N/A,N/A,,,
Y,Y,Y,N,N,83,C078,7/15/2021,11:10:00 AM,12,12,20,East of Anchor,F15,42,yellow,PIC_64,N,7,7/22/2021,1:44:00 PM,7/29/2021,1:55:00 PM,7,PMEA_PCOM,PMEA_PCOM,1,PCOM,PCOM,NORTH,KN,2.5,2,4.5,95,0,95,0,NOT_EATEN,0,NO,one,PMEA,,PCOM,,ate one,N/A,N/A,N/A,,,
Y,Y,Y,N,N,83,C078,7/15/2021,11:10:00 AM,12,12,20,East of Anchor,F15,42,yellow,PIC_64,N,7,7/22/2021,1:44:00 PM,7/29/2021,1:55:00 PM,7,PMEA_PCOM,PMEA_PCOM,2,PMEA,POSP,SOUTH,BR,4,1.5,5,90,0,0,1,FIRST,2,YES,one,PMEA,,PCOM,,ate one,didn't eat on video,N/A,N/A,,,
Y,Y,Y,Y,N,84,C077,7/15/2021,11:10:00 AM,11,11,16,Trios,I13,35,red/yellow,PIC_61,PIC_61,7,7/22/2021,1:57:00 PM,7/29/2021,2:00:00 PM,7,PLOB_MPAT,PLOB_MPAT,1,PLOB,PORM,NORTH,MD,12,9.5,11,30,0,30,0,NOT_EATEN,0,NO,one,MPAT,,PLOB,,ate one,N/A,N/A,N/A,,,
Y,Y,Y,Y,N,84,C077,7/15/2021,11:10:00 AM,11,11,16,Trios,I13,35,red/yellow,PIC_61,PIC_61,7,7/22/2021,1:57:00 PM,7/29/2021,2:00:00 PM,7,PLOB_MPAT,PLOB_MPAT,2,MPAT,MPAT,SOUTH,EF,15.5,10,6.5,40,0,10,0.75,FIRST,2,YES,one,MPAT,,PLOB,,ate one,didn't eat on video,N/A,N/A,,,
Y,Y,Y,Y,N,85,C153,7/15/2021,11:10:00 AM,9.5,10,15,East of Anchor,F15,42,yellow/brown,PIC_65,N,7,7/22/2021,2:05:00 PM,7/29/2021,2:05:00 PM,7,PLOB_MPAT,PLOB_MPAT,1,PLOB,PORM,NORTH,MD,7.5,6.5,4,45,0,45,0,NOT_EATEN,0,NO,one,MPAT,,PLOB,,ate one,N/A,N/A,N/A,,,
Y,Y,Y,Y,N,85,C153,7/15/2021,11:10:00 AM,9.5,10,15,East of Anchor,F15,42,yellow/brown,PIC_65,N,7,7/22/2021,2:05:00 PM,7/29/2021,2:04:00 PM,7,PLOB_MPAT,PLOB_MPAT,2,MPAT,MPAT,SOUTH,EF,11.5,6.5,5.5,15,0,0,1,FIRST,2,YES,one,MPAT,,PLOB,,ate one,ate on video,14,7/25/2021 6:00,,,
Y,Y,Y,Y,N,86,C152,7/29/2021,2:00:00 PM,12,13,24,East of Anchor,D11,44,brown/yellow,PIC_77,N,7,8/5/2021,2:19:00 PM,8/12/2021,1:49:00 PM,7,PLOB_MPAT,PLOB_MPAT,1,PLOB,PORM,SOUTH,MD,12,9,9,80,0,80,0,NOT_EATEN,0,NO,one,MPAT,,PLOB,,ate one,N/A,N/A,N/A,,,
Y,Y,Y,Y,N,86,C152,7/29/2021,2:00:00 PM,12,13,24,East of Anchor,D11,44,brown/yellow,PIC_77,N,7,8/5/2021,2:19:00 PM,8/12/2021,1:49:00 PM,7,PLOB_MPAT,PLOB_MPAT,2,MPAT,MPAT,NORTH,EF,22,13,9,25,0,10,0.6,FIRST,2,YES,one,MPAT,,PLOB,,ate one,ate on video,2,8/6/21 6:00-7:00,,,
Y,Y,Y,half,N,87,C079,7/29/2021,2:00:00 PM,11,11.5,19,Back 40,B6,33,green,PIC_74,N,7,8/5/2021,2:09:00 PM,8/12/2021,1:54:00 PM,7,PLOB_MPAT,PLOB_MPAT,1,PLOB,PORM,NORTH,MD,12,9.5,9,90,0,85,0.06,NOT_EATEN,0,NO,one,MPAT,,PLOB,,ate one,N/A,N/A,N/A,,,
Y,Y,Y,half,N,87,C079,7/29/2021,2:00:00 PM,11,11.5,19,Back 40,B6,33,green,PIC_74,N,7,8/5/2021,2:09:00 PM,8/12/2021,1:54:00 PM,7,PLOB_MPAT,PLOB_MPAT,2,MPAT,MPAT,SOUTH,EF,12,9,9,45,0,10,0.78,FIRST,2,YES,one,MPAT,,PLOB,,ate one,didn't eat on video,N/A,N/A,,,
Y,Y,Y,N,Y,88,C078,7/29/2021,2:00:00 PM,10,10.5,17,Back 40,negA7,36,green/blue,PIC_76,PIC_76,7,8/5/2021,2:20:00 PM,8/12/2021,1:59:00 PM,7,PMEA_PCOM,PMEA_PCOM,1,PMEA,POSP,NORTH,BR,6,4,8,85,0,0,1,FIRST,2,YES,one,PMEA,,PCOM,,ate one,coral went from color to white from 8/5-8/6,N/A,8/5 overnight,,,also ate POSP that was growing on cage
Y,Y,Y,N,Y,88,C078,7/29/2021,2:00:00 PM,10,10.5,17,Back 40,negA7,36,green/blue,PIC_76,PIC_76,7,8/5/2021,2:20:00 PM,8/12/2021,1:59:00 PM,7,PMEA_PCOM,PMEA_PCOM,2,PCOM,PCOM,SOUTH,KN,8,6,10,60,0,60,0,NOT_EATEN,0,NO,one,PMEA,,PCOM,,ate one,N/A,N/A,N/A,,,also ate POSP that was growing on cage
Y,Y,Y,Y,N,89,C077,7/29/2021,2:00:00 PM,11,11,17,Dagger,E8,33,yellow,PIC_63,PIC_63,7,8/5/2021,2:27:00 PM,8/12/2021,2:02:00 PM,7,PMEA_PCOM,PMEA_PCOM,1,PMEA,POSP,NORTH,BR,4,2,6.5,95,0,0,1,FIRST,2,YES,one,PMEA,,PCOM,,ate one,didn't eat on video,N/A,N/A,,,
Y,Y,Y,Y,N,89,C077,7/29/2021,2:00:00 PM,11,11,17,Dagger,E8,33,yellow,PIC_63,PIC_63,7,8/5/2021,2:27:00 PM,8/12/2021,2:02:00 PM,7,PMEA_PCOM,PMEA_PCOM,2,PCOM,PCOM,SOUTH,KN,4,2.5,6.5,90,0,90,0,NOT_EATEN,0,NO,one,PMEA,,PCOM,,ate one,N/A,N/A,N/A,,,
Y,Y,Y,Y,N,90,C153,7/29/2021,2:00:00 PM,10,10,17,Back 40,B6,33,yellow,PIC_53,N,7,8/5/2021,2:29:00 PM,8/12/2021,2:07:00 PM,7,PMEA_PCOM,PMEA_PCOM,1,PMEA,POSP,NORTH,BR,6,2,6.5,85,0,85,0,NOT_EATEN,0,NO,none,,,PMEA,PCOM,didn't eat,N/A,N/A,N/A,,,
Y,Y,Y,Y,N,90,C153,7/29/2021,2:00:00 PM,10,10,17,Back 40,B6,33,yellow,PIC_53,N,7,8/5/2021,2:29:00 PM,8/12/2021,2:07:00 PM,7,PMEA_PCOM,PMEA_PCOM,2,PCOM,PCOM,SOUTH,KN,10,4,8,35,0,35,0,NOT_EATEN,0,NO,none,,,PMEA,PCOM,didn't eat,N/A,N/A,N/A,,,
Y,Y,Y,Y,N,91,C152,9/9/2021,2:00:00 PM,11.5,11.5,18,East of Anchor,D11,39,yellow/brown,PIC_84,N,7,9/16/2021,1:49:00 PM,9/23/2021,12:35:00 PM,7,MCAP_MPAT,MCAP_MPAT,1,MPAT,MPAT,NORTH,EF,19,12,8,60,0,60,0,NOT_EATEN,0,NO,none,,,MPAT,MCAP,didn't eat,N/A,N/A,N/A,,,
Y,Y,Y,Y,N,91,C152,9/9/2021,2:00:00 PM,11.5,11.5,18,East of Anchor,D11,39,yellow/brown,PIC_84,N,7,9/16/2021,1:49:00 PM,9/23/2021,12:35:00 PM,7,MCAP_MPAT,MCAP_MPAT,2,MCAP,MCAP,SOUTH,EF,25,13,8,70,0,70,0,NOT_EATEN,0,NO,none,,,MPAT,MCAP,didn't eat,N/A,N/A,N/A,,,
Y,Y,Y,N,N,92,C083,9/9/2021,2:00:00 PM,12,13,18,Back 40,C6,28,purple/black,PIC_81,N,7,9/16/2021,1:55:00 PM,9/23/2021,12:35:00 PM,7,MCAP_MPAT,MCAP_MPAT,1,MPAT,MPAT,SOUTH,EF,7.5,5.5,4.5,40,0,0,1,FIRST,2,YES,one,MPAT,,MCAP,,ate one,didn't eat on video,N/A,N/A,,,
Y,Y,Y,N,N,92,C083,9/9/2021,2:00:00 PM,12,13,18,Back 40,C6,28,purple/black,PIC_81,N,7,9/16/2021,1:55:00 PM,9/23/2021,12:35:00 PM,7,MCAP_MPAT,MCAP_MPAT,2,MCAP,MCAP,NORTH,EF,10,5.5,3.5,40,0,40,0,NOT_EATEN,0,NO,one,MPAT,,MCAP,,ate one,N/A,N/A,N/A,,,
Y,Y,Y,Y,N,93,C082,9/9/2021,2:00:00 PM,12.5,13,22,East of Anchor,A16,55,red/yellow,PIC_30,PIC_30,7,9/16/2021,1:58:00 PM,9/23/2021,12:35:00 PM,7,PMEA_FSCU,PMEA_FSCU,1,PMEA,POSP,SOUTH,EF,13,12,11,15,0,0,1,FIRST,2,YES,one,PMEA,,FSCU,,ate one,didn't eat on video,N/A,N/A,,,ate pocillopora by 9/19 (checked in person)
Y,Y,Y,Y,N,93,C082,9/9/2021,2:00:00 PM,12.5,13,22,East of Anchor,A16,55,red/yellow,PIC_30,PIC_30,7,9/16/2021,1:58:00 PM,9/23/2021,12:35:00 PM,7,PMEA_FSCU,PMEA_FSCU,2,FSCU,FSCU,NORTH,EF,8.5,7,3,95,0,95,0,NOT_EATEN,0,NO,one,PMEA,,FSCU,,ate one,N/A,N/A,N/A,,,ate pocillopora by 9/19 (checked in person)
N,Y,Y,Y,N,94,C077,9/10/2021,2:00:00 PM,12.5,12,21,Dagger,F8,30,yellow,PIC_63,PIC_63,6,9/16/2021,2:03:00 PM,9/23/2021,12:35:00 PM,7,PCOM_MPAT,PCOM_MPAT,1,MPAT,MPAT,NORTH,EF,20,14.5,12,10,0,0,1,FIRST,2,YES,one,MPAT,,PCOM,,ate one,ate on video,2,9/22/21 @ 6:30am & 9/22/21 @ 6:30pm ,,,ate it twice on separate occassions
N,Y,Y,Y,N,94,C077,9/10/2021,2:00:00 PM,12.5,12,21,Dagger,F8,30,yellow,PIC_63,PIC_63,6,9/16/2021,2:03:00 PM,9/23/2021,12:35:00 PM,7,PCOM_MPAT,PCOM_MPAT,2,PCOM,PCOM,SOUTH,KN,26,11,9.5,20,0,20,0,NOT_EATEN,0,NO,one,MPAT,,PCOM,,ate one,N/A,N/A,N/A,,,
Y,Y,Y,Y,N,95,C153,9/9/2021,2:00:00 PM,10.5,10.5,16,Dagger,E8,32,red/yellow,PIC_85,N,7,9/16/2021,2:07:00 PM,9/23/2021,12:35:00 PM,7,PCOM_MPAT,PCOM_MPAT,1,MPAT,MPAT,NORTH,EF,6,4.5,3,20,0,20,0,NOT_EATEN,0,NO,none,,,MPAT,PCOM,didn't eat,N/A,N/A,N/A,,,
Y,Y,Y,Y,N,95,C153,9/9/2021,2:00:00 PM,10.5,10.5,16,Dagger,E8,32,red/yellow,PIC_85,N,7,9/16/2021,2:07:00 PM,9/23/2021,12:35:00 PM,7,PCOM_MPAT,PCOM_MPAT,2,PCOM,PCOM,SOUTH,KN,8,2.5,8.5,80,0,80,0,NOT_EATEN,0,NO,none,,,MPAT,PCOM,didn't eat,N/A,N/A,N/A,,,
Y,Y,Y,Y,N,96,C152,9/23/2021,12:45:00 PM,13,13,21,Trios,J12,30,yellow/brown,PIC_87,N,7,9/30/2021,1:34:00 PM,10/7/2021,2:23:00 PM,7,LESP_PMEA,LESP_PMEA,1,PMEA,POSP,SOUTH,BR,7,4,7,35,0,0,1,FIRST,2,YES,one,PMEA,,LESP,,ate one,didn't eat on video,N/A,N/A,,,
Y,Y,Y,Y,N,96,C152,9/23/2021,12:45:00 PM,13,13,21,Trios,J12,30,yellow/brown,PIC_87,N,7,9/30/2021,1:34:00 PM,10/7/2021,2:23:00 PM,7,LESP_PMEA,LESP_PMEA,2,LESP,LESP,NORTH,EF,6,3.5,2,40,0,40,0,NOT_EATEN,0,NO,one,PMEA,,LESP,,ate one,N/A,N/A,N/A,,,"hard to tell if it ate the leptastrea, skeleton was a little white at the end but unsure. "
Y,Y,Y,N,N,97,C083,9/23/2021,12:45:00 PM,12.5,12,20,Trios,L11,27,yellow/brown,PIC_89,N,7,9/30/2021,2:20:00 PM,10/7/2021,2:21:00 PM,7,LESP_PMEA,LESP_PMEA,1,PMEA,POSP,NORTH,BR,6,2,10,90,0,0,1,unknown,0.5,YES,both,BOTH,,,,unknown.no video,N/A,N/A,N/A,,,
Y,Y,Y,N,N,97,C083,9/23/2021,12:45:00 PM,12.5,12,20,Trios,L11,27,yellow/brown,PIC_89,N,7,9/30/2021,2:20:00 PM,10/7/2021,2:21:00 PM,7,LESP_PMEA,LESP_PMEA,2,LESP,LESP,SOUTH,EF,13,9.5,7.5,50,0,10,0.8,unknown,0.5,YES,both,BOTH,,,,unknown.no video,N/A,N/A,N/A,,,was covered in sand when picked it up at the end
Y,Y,Y,Y,N,98,C082,9/23/2021,12:45:00 PM,12,10.5,18,Trios,L11,27,yellow/brown,PIC_19,PIC_19,7,9/30/2021,2:10:00 PM,10/7/2021,2:19:00 PM,7,LESP_PMEA,LESP_PMEA,1,PMEA,POSP,NORTH,BR,5,1.5,4,90,0,30,0.67,FIRST,2,YES,both,PMEA,LESP,,,Y,coral went from color to white from 10/2 to 10/3,N/A,N/A,,,
Y,Y,Y,Y,N,98,C082,9/23/2021,12:45:00 PM,12,10.5,18,Trios,L11,27,yellow/brown,PIC_19,PIC_19,7,9/30/2021,2:10:00 PM,10/7/2021,2:19:00 PM,7,LESP_PMEA,LESP_PMEA,2,LESP,LESP,SOUTH,EF,11.5,4.5,5,15,0,5,0.67,SECOND,1,YES,both,PMEA,LESP,,,Y,ate on video,5,10/5/21 6:30-10:30,,,
Y,Y,Y,Y,N,99,C077,9/23/2021,12:45:00 PM,13,13.5,24,Trios,L11,32,blue/brown,PIC_90,PIC_90,7,9/30/2021,2:13:00 PM,10/7/2021,2:17:00 PM,7,LESP_PMEA,LESP_PMEA,1,PMEA,POSP,NORTH,BR,8,4.5,7.5,90,0,0,1,FIRST,2,YES,one,PMEA,,LESP,,ate one,ate on video,2,10/1/21 6:30-7:30,,,
Y,Y,Y,Y,N,99,C077,9/23/2021,12:45:00 PM,13,13.5,24,Trios,L11,32,blue/brown,PIC_90,PIC_90,7,9/30/2021,2:13:00 PM,10/7/2021,2:17:00 PM,7,LESP_PMEA,LESP_PMEA,2,LESP,LESP,SOUTH,EF,12,6,8,30,0,30,0,NOT_EATEN,0,NO,one,PMEA,,LESP,,ate one,N/A,N/A,N/A,,,"hard to tell if it ate the leptastrea, skeleton was a little white at the end but unsure. "
Y,Y,Y,Y,N,100,C153,9/23/2021,12:45:00 PM,12.5,13,21,Trios,L11,31,yellow/brown,PIC_88,N,7,9/30/2021,1:55:00 PM,10/7/2021,2:15:00 PM,7,PVAR_PMEA,PVAR_PMEA,1,PMEA,POSP,NORTH,BR,6.5,10,7.5,35,0,0,1,SECOND,1,YES,both,PVAR,PMEA,,,Y,ate on video,1,10/6/2021  @ 6:30:00 AM,,,
Y,Y,Y,Y,N,100,C153,9/23/2021,12:45:00 PM,12.5,13,21,Trios,L11,31,yellow/brown,PIC_88,N,7,9/30/2021,1:55:00 PM,10/7/2021,2:15:00 PM,7,PVAR_PMEA,PVAR_PMEA,2,PVAR,PVAR,SOUTH,EF,8,7,3.5,85,0,5,0.94,FIRST,2,YES,both,PVAR,PMEA,,,Y,ate on video,13,10/1 @ 6:30-18:30,,,
N,Y,Y,Y,N,101,C152,10/7/2021,3:45:00 PM,13,13.5,20,Back 40,A4,42,blue/yellow,PIC_92,PIC_92,8,10/15/2021,11:22:00 AM,10/22/2021,9:15:00 AM,7,PDUE_PMEA,PDUE_PMEA,1,PMEA,POSP,SOUTH,BR,6.5,4,5,85,0,0,1,SECOND,1,YES,both,PDUE,PMEA,,,Y,ate on video,1,10/16 @ 6:30,,,
N,Y,Y,Y,N,101,C152,10/7/2021,3:45:00 PM,13,13.5,20,Back 40,A4,42,blue/yellow,PIC_92,PIC_92,8,10/15/2021,11:22:00 AM,10/22/2021,9:15:00 AM,7,PDUE_PMEA,PDUE_PMEA,2,PDUE,PDUE,NORTH,ML,8.5,2,8.5,30,0,0,1,FIRST,2,YES,both,PDUE,PMEA,,,Y,coral went from color to white from 10/16-10/17,N/A,N/A,,,
N,Y,Y,N,Y,102,C083,10/7/2021,3:45:00 PM,10,10.5,16,Back 40,B5,30,yellow/brown,PIC_91,N,8,10/15/2021,9:54:00 AM,10/22/2021,9:17:00 AM,7,MCAP_FSCU,MCAP_FSCU,1,MCAP,MCAP,SOUTH,EF,6.5,6.5,2.5,45,0,45,0,NOT_EATEN,0,NO,none,,,MCAP,FSCU,didn't eat,N/A,N/A,N/A,,,
N,Y,Y,N,Y,102,C083,10/7/2021,3:45:00 PM,10,10.5,16,Back 40,B5,30,yellow/brown,PIC_91,N,8,10/15/2021,9:54:00 AM,10/22/2021,9:17:00 AM,7,MCAP_FSCU,MCAP_FSCU,2,FSCU,FSCU,NORTH,FR,7.5,5.5,2,95,0,95,0,NOT_EATEN,0,NO,none,,,MCAP,FSCU,didn't eat,N/A,N/A,N/A,,,
N,Y,Y,Y,N,103,C082,10/7/2021,3:45:00 PM,12.5,12.5,19,Dagger,F7,19,red/yellow,PIC_95,N,8,10/15/2021,10:04:00 AM,10/22/2021,9:19:00 AM,7,PDUE_PMEA,PDUE_PMEA,1,PMEA,POSP,NORTH,BR,7,4,4.5,30,0,0,1,SECOND,1,YES,both,PDUE,PMEA,,,Y,coral went from color to white from 10/16-10/17,N/A,N/A,,,
N,Y,Y,Y,N,103,C082,10/7/2021,3:45:00 PM,12.5,12.5,19,Dagger,F7,19,red/yellow,PIC_95,N,8,10/15/2021,10:04:00 AM,10/22/2021,9:19:00 AM,7,PDUE_PMEA,PDUE_PMEA,2,PDUE,PDUE,SOUTH,ML,5,2,5.5,90,0,0,1,FIRST,2,YES,both,PDUE,PMEA,,,Y,ate on video,1,10/16 @ 6:30,,,
N,Y,Y,Y,N,104,C077,10/7/2021,3:45:00 PM,12.5,13,20,Back 40,A4,42,yellow/brown,PIC_38,N,8,10/15/2021,10:09:00 AM,10/22/2021,9:21:00 AM,7,LESP_PMEA,LESP_PMEA,1,PMEA,POSP,SOUTH,BR,5,1,3.5,95,0,0,1,unknown,0.5,YES,both,BOTH,,,,unknown,N/A,N/A,N/A,,,
N,Y,Y,Y,N,104,C077,10/7/2021,3:45:00 PM,12.5,13,20,Back 40,A4,42,yellow/brown,PIC_38,N,8,10/15/2021,10:09:00 AM,10/22/2021,9:21:00 AM,7,LESP_PMEA,LESP_PMEA,2,LESP,LESP,NORTH,EF,6,2.5,2.5,40,0,0,1,unknown,0.5,YES,both,BOTH,,,,unknown,N/A,N/A,N/A,,,
N,Y,Y,Y,N,105,C153,10/7/2021,3:45:00 PM,12.5,12.5,20,Dagger,F7,20,red/yellow,PIC_94,N,8,10/15/2021,11:16:00 AM,10/22/2021,9:23:00 AM,7,PDUE_PMEA,PDUE_PMEA,1,PMEA,POSP,NORTH,BR,8.5,5.5,12,95,0,0,1,FIRST,2,YES,both,PMEA,PDUE,,,Y,coral went from color to white from 10/15-10/16,N/A,N/A,,,
N,Y,Y,Y,N,105,C153,10/7/2021,3:45:00 PM,12.5,12.5,20,Dagger,F7,20,red/yellow,PIC_94,N,8,10/15/2021,11:16:00 AM,10/22/2021,9:23:00 AM,7,PDUE_PMEA,PDUE_PMEA,2,PDUE,PDUE,SOUTH,EF,5,1.5,11,75,0,3,0.96,SECOND,1,YES,both,PMEA,PDUE,,,Y,ate on video,7,10/17 @ 6:30-12:30,,,
Y,Y,Y,Y,Y,106,C152,10/22/2021,1:55:00 PM,10.5,10.5,17,Back 40,A4,40,green/blue,PIC_100,N,7,10/29/2021,10:10:00 AM,11/5/2021,10:32:00 AM,7,PCOM_MCAP,PCOM_MCAP,1,PCOM,PCOM,NORTH,KN,6.5,4,12,10,0,10,0,NOT_EATEN,0,NO,none,MCAP,,PCOM,,ate one,N/A,N/A,N/A,MCAP,Y,
Y,Y,Y,Y,Y,106,C152,10/22/2021,1:55:00 PM,10.5,10.5,17,Back 40,A4,40,green/blue,PIC_100,N,7,10/29/2021,10:10:00 AM,11/5/2021,10:32:00 AM,7,PCOM_MCAP,PCOM_MCAP,2,MCAP,MCAP,SOUTH,EF,12,10.5,4,10,0,7,0.3,FIRST,2,YES,none,MCAP,,PCOM,,ate one,ate on kilo cam,182 pics,10/30 @ 6:00-7:00,MCAP,Y,
Y,Y,Y,N,Y,107,C083,10/22/2021,1:55:00 PM,11,11.5,16,Split,K6,19,yellow/orange,PIC_48,PIC_48,7,10/29/2021,10:05:00 AM,11/5/2021,10:29:00 AM,7,LESP_PMEA,LESP_PMEA,1,PMEA,POSP,NORTH,BR,7.5,5,8,95,0,0,1,FIRST,2,YES,both,PMEA,LESP,,,Y,coral went from color to white from 10/30 to 10/31,N/A,N/A,no.video,unknown,
Y,Y,Y,N,Y,107,C083,10/22/2021,1:55:00 PM,11,11.5,16,Split,K6,19,yellow/orange,PIC_48,PIC_48,7,10/29/2021,10:05:00 AM,11/5/2021,10:29:00 AM,7,LESP_PMEA,LESP_PMEA,2,LESP,LESP,SOUTH,EF,9,6.5,6,60,0,30,0.5,SECOND,1,YES,both,PMEA,LESP,,,Y,coral went from color to white from 11/2 to 11/3,N/A,N/A,no.video,unknown,
Y,Y,Y,Y,Y,108,C082,10/22/2021,1:55:00 PM,13,14,18,Back 40,A4,44,yellow/black,PIC_102,PIC_102,7,10/29/2021,10:00:00 AM,11/5/2021,10:26:00 AM,7,PDUE_PMEA,PDUE_PMEA,1,PMEA,POSP,NORTH,BR,5,2.5,7.5,80,0,0,1,FIRST,2,YES,one,PMEA,,PDUE,,ate one,coral wen from color to white from 10/29 to 10/30,N/A,N/A,PMEA,Y,
Y,Y,Y,Y,Y,108,C082,10/22/2021,1:55:00 PM,13,14,18,Back 40,A4,44,yellow/black,PIC_102,PIC_102,7,10/29/2021,10:00:00 AM,11/5/2021,10:26:00 AM,7,PDUE_PMEA,PDUE_PMEA,2,PDUE,PDUE,SOUTH,ML,8.5,5,6.5,35,0,35,0,NOT_EATEN,0,NO,one,PMEA,,PDUE,,ate one,N/A,N/A,N/A,PMEA,Y,
Y,Y,Y,Y,Y,109,C077,10/22/2021,1:55:00 PM,10.5,11,16,Split,K6,19,green,T0046,T0046,7,10/29/2021,9:55:00 AM,11/5/2021,10:23:00 AM,7,LESP_MPAT,LESP_MPAT,1,MPAT,MPAT,SOUTH,EF,10,5.5,4.5,20,0,20,0,NOT_EATEN,0,NO,none,,,MPAT,LESP,didn't eat,N/A,N/A,N/A,LESP,didnt.eat,
Y,Y,Y,Y,Y,109,C077,10/22/2021,1:55:00 PM,10.5,11,16,Split,K6,19,green,T0046,T0046,7,10/29/2021,9:55:00 AM,11/5/2021,10:23:00 AM,7,LESP_MPAT,LESP_MPAT,2,LESP,LESP,NORTH,EF,7.5,5.5,6,25,0,25,0,NOT_EATEN,0,NO,none,,,MPAT,LESP,didn't eat,N/A,N/A,N/A,LESP,didnt.eat,
Y,Y,Y,Y,Y,110,C153,10/22/2021,1:55:00 PM,13.5,13,22,Stump,J6,25,blue/green,PIC_98,N,7,10/29/2021,9:50:00 AM,11/5/2021,10:20:00 AM,7,LESP_MPAT,LESP_MPAT,1,MPAT,MPAT,SOUTH,EF,12.5,10.5,4.5,25,0,25,0,NOT_EATEN,0,NO,none,,,MPAT,LESP,didn't eat,N/A,N/A,N/A,LESP,didnt.eat,"stayed in center first day, on north side of cage second day but on the wall of the cage not near the coral"
Y,Y,Y,Y,Y,110,C153,10/22/2021,1:55:00 PM,13.5,13,22,Stump,J6,25,blue/green,PIC_98,N,7,10/29/2021,9:50:00 AM,11/5/2021,10:20:00 AM,7,LESP_MPAT,LESP_MPAT,2,LESP,LESP,NORTH,EF,11,4.5,2.5,80,0,80,0,NOT_EATEN,0,NO,none,,,MPAT,LESP,didn't eat,N/A,N/A,N/A,LESP,didnt.eat,"stayed in center first day, on north side of cage second day but on the wall of the cage not near the coral"
N,Y,Y,Y,Y,111,C152,11/5/2021,2:16:00 PM,13,13,21,Circle,N11,18,blue/brown,PIC_90,PIC_90,6,11/11/2021,2:22:00 PM,11/18/2021,10:11:00 AM,7,LESP_MPAT,LESP_MPAT,1,LESP,LESP,NORTH,EF,11.5,6,6.5,30,0,30,0,NOT_EATEN,0,NO,one,MPAT,,LESP,,ate one,N/A,N/A,N/A,LESP,N,
N,Y,Y,Y,Y,111,C152,11/5/2021,2:16:00 PM,13,13,21,Circle,N11,18,blue/brown,PIC_90,PIC_90,6,11/11/2021,2:22:00 PM,11/18/2021,10:11:00 AM,7,LESP_MPAT,LESP_MPAT,2,MPAT,MPAT,SOUTH,EF,8.5,7,4.5,40,0,0,1,FIRST,2,YES,one,MPAT,,LESP,,ate one,ate on video,7,11/13 @ 6:30-12:30,LESP,N,
N,Y,Y,Y,Y,112,C083,11/5/2021,2:16:00 PM,11,11,16,Circle,N11,18,green/brown,PIC_76,PIC_76,6,11/11/2021,2:20:00 PM,11/18/2021,10:13:00 AM,7,LESP_MPAT,LESP_MPAT,1,LESP,LESP,NORTH,EF,10,5.5,3,80,0,5,0.94,FIRST,2,YES,both,LESP,MPAT,,,Y,coral went from color to white from 11/13 to 11/14,N/A,N/A,no.video,unknown,
N,Y,Y,Y,Y,112,C083,11/5/2021,2:16:00 PM,11,11,16,Circle,N11,18,green/brown,PIC_76,PIC_76,6,11/11/2021,2:20:00 PM,11/18/2021,10:13:00 AM,7,LESP_MPAT,LESP_MPAT,2,MPAT,MPAT,SOUTH,EF,8.5,4,2.5,75,0,30,0.6,SECOND,1,YES,both,LESP,MPAT,,,Y,coral went from color to white from 11/15 to 11/16,N/A,N/A,no.video,unknown,
N,Y,Y,Y,Y,113,C082,11/5/2021,2:16:00 PM,13,13,21,East of Anchor,D10,40,green/blue,PIC_103,N,6,11/11/2021,2:18:00 PM,11/18/2021,10:15:00 AM,7,PDUE_PMEA,PDUE_PMEA,1,PMEA,POSP,NORTH,BR,7,3.5,9,85,0,0,1,SECOND,1,YES,both,PDUE,PMEA,,,Y,coral went from color to white from 11/13 to 11/14,N/A,N/A,PDUE,Y,
N,Y,Y,Y,Y,113,C082,11/5/2021,2:16:00 PM,13,13,21,East of Anchor,D10,40,green/blue,PIC_103,N,6,11/11/2021,2:18:00 PM,11/18/2021,10:15:00 AM,7,PDUE_PMEA,PDUE_PMEA,2,PDUE,PDUE,SOUTH,ML,7.5,6.5,10,60,0,0,1,FIRST,2,YES,both,PDUE,PMEA,,,Y,ate on video,72 pics,11/12 @ 6:00-12:00,PDUE,Y,
N,Y,Y,Y,Y,114,C077,11/5/2021,2:16:00 PM,12.5,12.5,19,Circle,N11,18,green,PIC_04,PIC_04,6,11/11/2021,2:16:00 PM,11/18/2021,10:17:00 AM,7,PVAR_PMEA,PVAR_PMEA,1,PVAR,PVAR,NORTH,EF,7,4.5,4.5,30,0,0,1,SECOND,1,YES,both,PMEA,PVAR,,,Y,coral went from color to white from 11/13 to 11/14,N/A,N/A,POME,Y,
N,Y,Y,Y,Y,114,C077,11/5/2021,2:16:00 PM,12.5,12.5,19,Circle,N11,18,green,PIC_04,PIC_04,6,11/11/2021,2:16:00 PM,11/18/2021,10:17:00 AM,7,PVAR_PMEA,PVAR_PMEA,2,PMEA,POSP,SOUTH,BR,6,3,7.5,90,0,0,1,FIRST,2,YES,both,PMEA,PVAR,,,Y,coral went from color to white from 11/11 to 11/12,N/A,N/A,POME,Y,
N,N,Y,Y,Y,115,C153,11/5/2021,2:16:00 PM,11,11,18,East of Anchor,D10,40,yellow/brown,PIC_12,PIC_12,6,11/11/2021,2:14:00 PM,11/14/2021,6:30:00 PM,3,PVAR_PMEA,PVAR_PMEA,1,PVAR,PVAR,SOUTH,EF,18.5,8.5,8.5,20,0,5,0.75,FIRST,2,YES,both,PVAR,PMEA,,,Y,coral went from color to white from 11/11 to 11/12,N/A,N/A,PVAR,Y,
N,N,Y,Y,Y,115,C153,11/5/2021,2:16:00 PM,11,11,18,East of Anchor,D10,40,yellow/brown,PIC_12,PIC_12,6,11/11/2021,2:14:00 PM,11/14/2021,6:30:00 PM,3,PVAR_PMEA,PVAR_PMEA,2,PMEA,POSP,NORTH,BR,4.5,2.5,6,80,0,0,1,SECOND,1,YES,both,PVAR,PMEA,,,Y,coral went from color to white from 11/12 to 11/13,N/A,N/A,PVAR,Y,
N,N,Y,N,Y,116,C158,5/10/2022,3:45:00 PM,12,12,18,Stump,I6,21,yellow/brown,PIC_113,N,15,5/25/2022,1:26:00 PM,6/9/2022,10:58:00 AM,15,MCAP_FSCU,MCAP_FSCU,1,FSCU,FSCU,NORTH,FR,10,7.5,3.5,95,0,95,0,NOT_EATEN,0,NO,none,,,FSCU,MCAP,didn't eat,N/A,N/A,N/A,no.video,no.video,
N,N,Y,N,Y,116,C158,5/10/2022,3:45:00 PM,12,12,18,Stump,I6,21,yellow/brown,PIC_113,N,15,5/25/2022,1:26:00 PM,6/9/2022,10:58:00 AM,15,MCAP_FSCU,MCAP_FSCU,2,MCAP,MCAP,SOUTH,EF,14,12.5,6.5,60,0,60,0,NOT_EATEN,0,NO,none,,,FSCU,MCAP,didn't eat,N/A,N/A,N/A,no.video,no.video,
N,N,Y,N,Y,117,C157,5/10/2022,3:45:00 PM,10,11.5,18,Stump,I6,21,yellow/orange,PIC_112,N,15,5/25/2022,1:38:00 PM,6/9/2022,10:46:00 AM,15,LESP_MPAT,LESP_MPAT,1,LESP,LESP,NORTH,EF,10,8,6,40,0,40,0,NOT_EATEN,0,NO,none,,,LESP,MPAT,didn't eat,N/A,N/A,N/A,no.video,no.video,
N,N,Y,N,Y,117,C157,5/10/2022,3:45:00 PM,10,11.5,18,Stump,I6,21,yellow/orange,PIC_112,N,15,5/25/2022,1:38:00 PM,6/9/2022,10:46:00 AM,15,LESP_MPAT,LESP_MPAT,2,MPAT,MPAT,SOUTH,EF,10.5,7.5,4,25,0,25,0,NOT_EATEN,0,NO,none,,,LESP,MPAT,didn't eat,N/A,N/A,N/A,no.video,no.video,
N,N,Y,N,Y,118,C156,5/10/2022,3:45:00 PM,10,11,16,East of Anchor,C11,44,yellow/brown,PIC_114,PIC_114,15,5/25/2022,1:55:00 PM,6/9/2022,10:35:00 AM,15,PVAR_PMEA,PVAR_PMEA,1,PMEA,POSP,NORTH,BR,5,3.5,6,65,0,0,1,unknown,0.5,YES,both,BOTH,,,,unknown,N/A,N/A,N/A,no.video,no.video,
N,N,Y,N,Y,118,C156,5/10/2022,3:45:00 PM,10,11,16,East of Anchor,C11,44,yellow/brown,PIC_114,PIC_114,15,5/25/2022,1:55:00 PM,6/9/2022,10:35:00 AM,15,PVAR_PMEA,PVAR_PMEA,2,PVAR,PVAR,SOUTH,EF,5.5,4.5,3,40,0,0,1,unknown,0.5,YES,both,BOTH,,,,unknown,N/A,N/A,N/A,no.video,no.video,
N,N,Y,N,Y,120,C154,5/10/2022,3:45:00 PM,11.5,12,20,Stump,I6,21,yellow,PIC_80,N,15,5/25/2022,2:10:00 PM,6/9/2022,10:31:00 AM,15,PCOM_PLOB,PCOM_PLOB,1,PCOM,PCOM,NORTH,KN,12,7,5.5,60,0,1,0.98,FIRST,2,YES,one,PCOM,,PLOB,,ate one,ate on kilo cam,,6/2/22 @ 7pm-6/3/22 @ 6:45pm,no.video,no.video,"may have revisited, ate almost 24 hours and varely removed tissue"
N,N,Y,N,Y,120,C154,5/10/2022,3:45:00 PM,11.5,12,20,Stump,I6,21,yellow,PIC_80,N,15,5/25/2022,2:10:00 PM,6/9/2022,10:31:00 AM,15,PCOM_PLOB,PCOM_PLOB,2,PLOB,PORM,SOUTH,MD,11,7.5,4.5,40,0,10,0.75,NOT_EATEN,0,NO,one,PCOM,,PLOB,,ate one,N/A,N/A,N/A,no.video,no.video,"coral burried in sand, not consumed"
N,N,Y,N,N,121,C158,5/25/2022,2:05:00 PM,11,11,17,Dagger,G6,31,yellow/brown,PIC_115,N,15,6/9/2022,1:32:00 PM,6/15/2022,9:55:00 AM,6,MPAT_FSCU,MPAT_FSCU,1,MPAT,MPAT,NORTH,EF,20,10,11,30,0,3,0.9,FIRST,2,YES,one,MPAT,,FSCU,,no video.ate one,N/A,N/A,N/A,no.video,no.video,
N,N,Y,N,N,121,C158,5/25/2022,2:05:00 PM,11,11,17,Dagger,G6,31,yellow/brown,PIC_115,N,15,6/9/2022,1:32:00 PM,6/15/2022,9:55:00 AM,6,MPAT_FSCU,MPAT_FSCU,2,FSCU,FSCU,SOUTH,FR,11,7,3,100,0,100,0,NOT_EATEN,0,NO,one,MPAT,,FSCU,,no video.ate one,N/A,N/A,N/A,no.video,no.video,
N,N,Y,N,N,122,C157,5/25/2022,2:05:00 PM,11,11,18,Dagger,G6,29,yellow/brown,PIC_116,N,15,6/9/2022,1:27:00 PM,6/15/2022,10:00:00 AM,6,PCOM_PLOB,PCOM_PLOB,1,PLOB,PORM,NORTH,MD,20,8,13,60,0,60,0,NOT_EATEN,0,NO,none,,,PLOB,PCOM,no video.didn't eat,N/A,N/A,N/A,no.video,no.video,
N,N,Y,N,N,122,C157,5/25/2022,2:05:00 PM,11,11,18,Dagger,G6,29,yellow/brown,PIC_116,N,15,6/9/2022,1:27:00 PM,6/15/2022,10:00:00 AM,6,PCOM_PLOB,PCOM_PLOB,2,PCOM,PCOM,SOUTH,KN,10,8,10,40,0,40,0,NOT_EATEN,0,NO,none,,,PLOB,PCOM,no video.didn't eat,N/A,N/A,N/A,no.video,no.video,
N,N,Y,Y,N,123,C156,5/25/2022,2:05:00 PM,12,12,20,Dagger,G4,29,yellow/green/brown,PIC_118,N,15,6/9/2022,1:22:00 PM,6/15/2022,10:01:00 AM,6,PCOM_PLOB,PCOM_PLOB,1,PLOB,PORM,NORTH,MD,13,9,12,25,0,25,0,NOT_EATEN,0,NO,none,,,PLOB,PCOM,didn't eat,N/A,N/A,N/A,,didnt.eat,
N,N,Y,Y,N,123,C156,5/25/2022,2:05:00 PM,12,12,20,Dagger,G4,29,yellow/green/brown,PIC_118,N,15,6/9/2022,1:22:00 PM,6/15/2022,10:01:00 AM,6,PCOM_PLOB,PCOM_PLOB,2,PCOM,PCOM,SOUTH,KN,11,8,12,40,0,40,0,NOT_EATEN,0,NO,none,,,PLOB,PCOM,didn't eat,N/A,N/A,N/A,,didnt.eat,
N,N,Y,Y,N,124,C155,5/25/2022,2:05:00 PM,12,12,18,Dagger,F7,29,purple/yellow/brown,PIC_119,PIC_119,15,6/9/2022,1:17:00 PM,6/15/2022,10:07:00 AM,6,PLOB_MCAP,PLOB_MCAP,1,MCAP,MCAP,NORTH,EF,19,11.5,7,80,0,80,0,NOT_EATEN,0,NO,none,,,MCAP,PLOB,didn't eat,N/A,N/A,N/A,,didnt.eat,
N,N,Y,Y,N,124,C155,5/25/2022,2:05:00 PM,12,12,18,Dagger,F7,29,purple/yellow/brown,PIC_119,PIC_119,15,6/9/2022,1:17:00 PM,6/15/2022,10:07:00 AM,6,PLOB_MCAP,PLOB_MCAP,2,PLOB,PORM,SOUTH,MD,20,11,10,40,0,40,0,NOT_EATEN,0,NO,none,,,MCAP,PLOB,didn't eat,N/A,N/A,N/A,,didnt.eat,
N,N,Y,Y,N,125,C154,5/25/2022,2:05:00 PM,13,12,18,East of Anchor,D10,44,yellow/brown,PIC_120,N,15,6/9/2022,1:12:00 PM,6/15/2022,10:09:00 AM,6,PLOB_MCAP,PLOB_MCAP,1,MCAP,MCAP,NORTH,EF,12,11,9,50,0,0,1,FIRST,2,YES,both,MCAP,PLOB,,,Y,ate on video,19,6/10/22 @ 6am to 6/11/22 @11am,PLOB,N,"ate MCAP through the night, took over 24 hours"
N,N,Y,Y,N,125,C154,5/25/2022,2:05:00 PM,13,12,18,East of Anchor,D10,44,yellow/brown,PIC_120,N,15,6/9/2022,1:12:00 PM,6/15/2022,10:09:00 AM,6,PLOB_MCAP,PLOB_MCAP,2,PLOB,PORM,SOUTH,MD,13,12,12,50,0,20,0.6,SECOND,1,YES,both,MCAP,PLOB,,,Y,ate on video,13,6/12/22 @ 6am to 6/12/22 @ 6pm,PLOB,N,"Ate this for a whole day (and probably into the night) and still was not able to remove all tissue, it was just sloughing off"
N,N,Y,N,Y,126,C158,6/15/2022,1:10:00 PM,12,12,23,East of Anchor,F11,39,green/brown,PIC_46,PIC_46,9,6/24/2022,1:30:00 PM,7/8/2022,10:17:00 AM,14,MCAP_FSCU,MCAP_FSCU,1,MCAP,MCAP,SOUTH,EF,11,10,6,50,0,5,0.9,FIRST,2,YES,one,MCAP,,FSCU,,ate one,ate on kilo cam,20 pics,7/1/22 @ 6am-10:45am,no.video,no.video,left a little bit of coral on there
N,N,Y,N,Y,126,C158,6/15/2022,1:10:00 PM,12,12,23,East of Anchor,F11,39,green/brown,PIC_46,PIC_46,9,6/24/2022,1:30:00 PM,7/8/2022,10:17:00 AM,14,MCAP_FSCU,MCAP_FSCU,2,FSCU,FSCU,NORTH,FR,8,10,3,100,0,100,0,NOT_EATEN,0,NO,one,MCAP,,FSCU,,ate one,N/A,N/A,N/A,no.video,no.video,
N,N,Y,N,Y,127,C157,6/15/2022,1:10:00 PM,14,14,20,East of Anchor,E11,41,yellow/purple,PIC_106,PIC_106,9,6/24/2022,1:46:00 PM,7/8/2022,10:13:00 AM,14,MPAT_PDUE,MPAT_PDUE,1,MPAT,MPAT,SOUTH,EF,14,14,8,50,0,25,0.5,SECOND,1,YES,both,PDUE,MPAT,,,Y,coral wen from color to white from 6/26-6/27,N/A,N/A,no.video,no.video,
N,N,Y,N,Y,127,C157,6/15/2022,1:10:00 PM,14,14,20,East of Anchor,E11,41,yellow/purple,PIC_106,PIC_106,9,6/24/2022,1:46:00 PM,7/8/2022,10:13:00 AM,14,MPAT_PDUE,MPAT_PDUE,2,PDUE,PDUE,NORTH,ML,8,7,4.5,50,0,0,100,FIRST,2,YES,both,PDUE,MPAT,,,Y,ate on kilo cam,41 pics,6/26/22 @ 6am-4pm,no.video,no.video,probably started at night
N,N,Y,N,Y,128,C156,6/15/2022,1:10:00 PM,11.5,11,18,East of Anchor,E11,39,yellow/brown,PIC_12,PIC_12,9,6/24/2022,1:51:00 PM,7/8/2022,10:05:00 AM,14,MPAT_PDUE,MPAT_PDUE,1,MPAT,MPAT,SOUTH,EF,7.5,5.5,3,15,0,15,0,NOT_EATEN,0,NO,none,PDUE,,MPAT,,ate one,N/A,N/A,N/A,no.video,no.video,
N,N,Y,N,Y,128,C156,6/15/2022,1:10:00 PM,11.5,11,18,East of Anchor,E11,39,yellow/brown,PIC_12,PIC_12,9,6/24/2022,1:51:00 PM,7/8/2022,10:05:00 AM,14,MPAT_PDUE,MPAT_PDUE,2,PDUE,PDUE,NORTH,ML,9.5,4.5,2.5,60,0,0,100,FIRST,2,YES,none,PDUE,,MPAT,,ate one,ate on kilo cam,15 pics,6/29/22 @ 6am-9:30am,no.video,no.video,probably started at night
N,N,Y,N,Y,129,C155,6/15/2022,1:10:00 PM,12,12,18,Dagger,F7,30,yellow,PIC_121,N,9,6/24/2022,2:07:00 PM,7/8/2022,9:59:00 AM,14,MPAT_PDUE,MPAT_PDUE,1,MPAT,MPAT,SOUTH,EF,10,6,3,40,0,0,100,FIRST,2,YES,both,MPAT,PDUE,,,Y,ate on kilo cam,47 pics,6/25/22 @ 6am-5:30pm,no.video,no.video,probably started at night
N,N,Y,N,Y,129,C155,6/15/2022,1:10:00 PM,12,12,18,Dagger,F7,30,yellow,PIC_121,N,9,6/24/2022,2:07:00 PM,7/8/2022,9:59:00 AM,14,MPAT_PDUE,MPAT_PDUE,2,PDUE,PDUE,NORTH,ML,10,3.5,3,35,0,0,100,SECOND,1,YES,both,MPAT,PDUE,,,Y,ate on kilo cam,43 pics,6/26/22 @ 6am-4:30pm,no.video,no.video,probably started at night
N,N,Y,N,Y,130,C154,6/15/2022,1:10:00 PM,11,11,17,East of Anchor,E11,42,yellow,PIC_114,PIC_114,9,6/24/2022,2:16:00 PM,7/8/2022,9:55:00 AM,14,PVAR_PMEA,PVAR_PMEA,1,PVAR,PVAR,SOUTH,EF,13,12.5,6,40,0,0,100,SECOND,1,YES,both,PMEA,PVAR,,,Y,ate on kilo cam,56 pics,6/25/22 @ 6am-7pm,no.video,no.video,probably started at night
N,N,Y,N,Y,130,C154,6/15/2022,1:10:00 PM,11,11,17,East of Anchor,E11,42,yellow,PIC_114,PIC_114,9,6/24/2022,2:16:00 PM,7/8/2022,9:55:00 AM,14,PVAR_PMEA,PVAR_PMEA,2,PMEA,POSP,NORTH,BR,4,3,9,90,0,0,100,FIRST,2,YES,both,PMEA,PVAR,,,Y,coral went from color to white from 6/24-6/25,N/A,N/A,no.video,no.video,
Y,Y,Y,N,Y,131,C161,8/17/2022,2:15:00 PM,12,12,20,Circle,M12,28,yellow/red,PIC_135,N,7,8/24/2022,1:14:00 PM,8/31/2022,11:51:00 AM,7,MCAP_FSCU,MCAP_FSCU,1,FSCU,FSCU,SOUTH,FR,12,7.5,2,100,0,100,0,NOT_EATEN,0,NO,one,MCAP,,FSCU,,ate one,N/A,N/A,N/A,N/A,N/A,"cuno ""inspected"" the FSCU"
Y,Y,Y,N,Y,131,C161,8/17/2022,2:15:00 PM,12,12,20,Circle,M12,28,yellow/red,PIC_135,N,7,8/24/2022,1:14:00 PM,8/31/2022,11:51:00 AM,7,MCAP_FSCU,MCAP_FSCU,2,MCAP,MCAP,NORTH,EF,12,9,5,15,0,0,100,FIRST,2,YES,one,MCAP,,FSCU,,ate one,ate on kilo cam,49 pics,6/28 @ 6am-6pm,no.video,no.video,
Y,Y,Y,N,Y,132,C162,8/17/2022,2:15:00 PM,10,10.5,16,Circle,M12,28,green/brown,PIC_134,N,7,8/24/2022,1:09:00 PM,8/31/2022,11:43:00 AM,7,PCOM_PLOB,PCOM_PLOB,1,PLOB,PORM,SOUTH,MD,10,8,5,55,0,55,0,NOT_EATEN,0,NO,one,PCOM,,PLOB,,ate one,N/A,N/A,N/A,N/A,N/A,
Y,Y,Y,N,Y,132,C162,8/17/2022,2:15:00 PM,10,10.5,16,Circle,M12,28,green/brown,PIC_134,N,7,8/24/2022,1:09:00 PM,8/31/2022,11:43:00 AM,7,PCOM_PLOB,PCOM_PLOB,2,PCOM,PCOM,NORTH,KN,11,6,5,15,0,5,66.67,FIRST,2,YES,one,PCOM,,PLOB,,ate one,ate on kilo cam,40 pics,8/30 @ 6am-3:15pm,N/A,N/A,did not remove all tissue
Y,Y,Y,N,Y,133,C156,8/17/2022,2:15:00 PM,12.5,12,18,Circle,O12,30,yellow/brown,PIC_133,N,7,8/24/2022,12:58:00 PM,8/31/2022,11:41:00 AM,7,MPAT_PDUE,MPAT_PDUE,1,MPAT,MPAT,SOUTH,EF,13,7.5,7,30,0,25,16.67,SECOND,1,YES,both,PDUE,MPAT,,,Y,ate on kilo cam,7 pics,8/31 @ 6am-7:15am,no.video,no.video,very low tissue removal
Y,Y,Y,N,Y,133,C156,8/17/2022,2:15:00 PM,12.5,12,18,Circle,O12,30,yellow/brown,PIC_133,N,7,8/24/2022,12:58:00 PM,8/31/2022,11:41:00 AM,7,MPAT_PDUE,MPAT_PDUE,2,PDUE,PDUE,NORTH,ML,9.5,6,4.5,50,0,0,100,FIRST,2,YES,both,PDUE,MPAT,,,Y,ate on kilo cam,23 pics,8/29 @ 6am-11:30am,no.video,no.video,
Y,Y,Y,N,Y,135,C163,8/17/2022,2:15:00 PM,11.5,11.5,17,Circle,M12,28,red/yellow,PIC_136,PIC_136,7,8/24/2022,12:51:00 PM,8/31/2022,11:34:00 AM,7,PCOM_PLOB,PCOM_PLOB,1,PCOM,PCOM,SOUTH,KN,18,6,11,15,0,15,0,NOT_EATEN,0,NO,one,,,PLOB,PCOM,didn't eat,N/A,N/A,N/A,N/A,N/A,there was a cushion star under the cage…? But the cushion from this trial never escaped
Y,Y,Y,N,Y,135,C163,8/17/2022,2:15:00 PM,11.5,11.5,17,Circle,M12,28,red/yellow,PIC_136,PIC_136,7,8/24/2022,12:51:00 PM,8/31/2022,11:34:00 AM,7,PCOM_PLOB,PCOM_PLOB,2,PLOB,PORM,NORTH,MD,6,5.5,4.5,85,0,85,0,NOT_EATEN,0,NO,one,,,PLOB,PCOM,didn't eat,N/A,N/A,N/A,N/A,N/A,there was a cushion star under the cage…? But the cushion from this trial never escaped
Y,N,Y,N,Y,136,C161,8/24/2022,11:00:00 AM,11,11,16,East of Anchor,B15,50,yellow,PIC_138,PIC_138,7,8/31/2022,2:17:00 PM,9/14/2022,12:49:00 PM,14,PCOM_FSCU,PCOM_FSCU,1,PCOM,PCOM,NORTH,KN,18,11,9,40,0,30,25,FIRST,2,YES,one,PCOM,,FSCU,,ate one,ate on kilo cam,22 pics,9/8/22 @ 6am-11:15am,no.video,no.video,ate just one branch
Y,N,Y,N,Y,136,C161,8/24/2022,11:00:00 AM,11,11,16,East of Anchor,B15,50,yellow,PIC_138,PIC_138,7,8/31/2022,2:17:00 PM,9/14/2022,12:49:00 PM,14,PCOM_FSCU,PCOM_FSCU,2,FSCU,FSCU,SOUTH,FR,10,7.5,3,100,0,100,0,NOT_EATEN,0,NO,one,PCOM,,FSCU,,ate one,N/A,N/A,N/A,no.video,no.video,
Y,N,Y,Y,Y,137,C162,8/24/2022,11:00:00 AM,11,11,18,East of Anchor,C14,49,black/yellow,PIC_47,N,7,8/31/2022,2:13:00 PM,9/14/2022,12:51:00 PM,14,MPAT_PVAR,MPAT_PVAR,1,PVAR,PVAR,NORTH,EF,16,13,8,10,0,0,100,SECOND,1,YES,both,MPAT,PVAR,,,Y,coral went from color to white from 9/9-9/10,N/A,N/A,MPAT,Y,
Y,N,Y,Y,Y,137,C162,8/24/2022,11:00:00 AM,11,11,18,East of Anchor,C14,49,black/yellow,PIC_47,N,7,8/31/2022,2:13:00 PM,9/14/2022,12:51:00 PM,14,MPAT_PVAR,MPAT_PVAR,2,MPAT,MPAT,SOUTH,EF,5.5,5.5,1,50,0,0,100,FIRST,2,YES,both,MPAT,PVAR,,,Y,coral went from color to white from 9/2-9/3,N/A,N/A,MPAT,Y,
Y,N,Y,Y,Y,138,C156,8/24/2022,11:00:00 AM,12,12,20,East of Anchor,D14,45,yellow/red,PIC_141,PIC_141,7,8/31/2022,2:08:00 PM,9/14/2022,12:53:00 PM,14,MPAT_PVAR,MPAT_PVAR,1,PVAR,PVAR,NORTH,EF,19,13,17,15,0,0,100,SECOND,1,YES,both,MPAT,PVAR,,,Y,ate on kilo cam,13 pics,9/2 @ 6am-8:15am,MPAT,Y,
Y,N,Y,Y,Y,138,C156,8/24/2022,11:00:00 AM,12,12,20,East of Anchor,D14,45,yellow/red,PIC_141,PIC_141,7,8/31/2022,2:08:00 PM,9/14/2022,12:53:00 PM,14,MPAT_PVAR,MPAT_PVAR,2,MPAT,MPAT,SOUTH,EF,7.5,6,5,55,0,0,100,FIRST,2,YES,both,MPAT,PVAR,,,Y,ate on kilo cam,34 pics,9/1 @ 6am-2:15pm,MPAT,Y,
N,N,Y,N,Y,139,C157,8/17/2022,2:15:00 PM,9.5,9.5,14,East of Anchor,G13,39,yellow,PIC_132,N,14,8/31/2022,2:03:00 PM,9/14/2022,12:55:00 PM,14,MCAP_FSCU,MCAP_FSCU,1,MCAP,MCAP,NORTH,EF,15,11,8,35,0,35,0,NOT_EATEN,0,NO,one,FSCU,,MCAP,,ate one,N/A,N/A,N/A,no.video,no.video,
N,N,Y,N,Y,139,C157,8/17/2022,2:15:00 PM,9.5,9.5,14,East of Anchor,G13,39,yellow,PIC_132,N,14,8/31/2022,2:03:00 PM,9/14/2022,12:55:00 PM,14,MCAP_FSCU,MCAP_FSCU,2,FSCU,FSCU,SOUTH,FR,11.5,5,2,100,0,0,100,FIRST,2,YES,one,FSCU,,MCAP,,ate one,ate on kilo cam,48 pics,9/11 @ 6am-5:45pm,no.video,no.video,"ate towards the end of the 2 weeks after coral had spent 10 days trying to keep sand off, probably ate cause tissues were stressed and out and was producing a lot of mucus"
Y,N,Y,N,Y,140,C163,8/24/2022,11:00:00 AM,12,12,20,East of Anchor,B15,55,yellow/red,PIC_140,N,7,8/31/2022,1:57:00 PM,9/14/2022,12:57:00 PM,14,MPAT_PVAR,MPAT_PVAR,1,PVAR,PVAR,NORTH,EF,13,9,4,45,0,45,0,NOT_EATEN,0,NO,none,,,PVAR,MPAT,didn't eat,N/A,N/A,N/A,N/A,N/A,
Y,N,Y,N,Y,140,C163,8/24/2022,11:00:00 AM,12,12,20,East of Anchor,B15,55,yellow/red,PIC_140,N,7,8/31/2022,1:57:00 PM,9/14/2022,12:57:00 PM,14,MPAT_PVAR,MPAT_PVAR,2,MPAT,MPAT,SOUTH,EF,14,9,10,30,0,30,0,NOT_EATEN,0,NO,none,,,PVAR,MPAT,didn't eat,N/A,N/A,N/A,N/A,N/A,
Y,N,Y,N,N,141,C163,9/14/2022,1:45:00 PM,12,12,19,East of Anchor,E11,38,yellow/purple,PIC_106,PIC_106,7,9/21/2022,12:30:00 PM,9/30/2022,10:59:00 AM,9,MPAT_PVAR,MPAT_PVAR,1,MPAT,MPAT,NORTH,EF,16,12,9,15,0,0,100,unknown,0.5,YES,both,BOTH,,,,unknown,N/A,N/A,N/A,no.video,no.video,
Y,N,Y,N,Y,141,C163,9/14/2022,1:45:00 PM,12,12,19,East of Anchor,E11,38,yellow/purple,PIC_106,PIC_106,7,9/21/2022,12:30:00 PM,9/30/2022,10:59:00 AM,9,MPAT_PVAR,MPAT_PVAR,2,PVAR,PVAR,SOUTH,EF,13,10,5,30,0,5,83.33,unknown,0.5,YES,both,BOTH,,,,unknown,coral went from color to white from 9/23-9/24,N/A,N/A,no.video,no.video,
Y,N,Y,N,Y,142,C157,9/14/2022,1:45:00 PM,12,11.5,17,Dagger,F7,30,yellow/green,N045,N045,7,9/21/2022,12:40:00 PM,9/30/2022,11:02:00 AM,9,MPAT_PVAR,MPAT_PVAR,1,MPAT,MPAT,NORTH,EF,16,12,8,70,0,25,64.29,SECOND,1,YES,both,PVAR,MPAT,,,Y,coral went from color to white from 9/24-9/25,N/A,N/A,no.video,no.video,
Y,N,Y,N,Y,142,C157,9/14/2022,1:45:00 PM,12,11.5,17,Dagger,F7,30,yellow/green,N045,N045,7,9/21/2022,12:40:00 PM,9/30/2022,11:02:00 AM,9,MPAT_PVAR,MPAT_PVAR,2,PVAR,PVAR,SOUTH,EF,9,5,4,80,0,0,100,FIRST,2,YES,both,PVAR,MPAT,,,Y,ate on kilo cam,49 pics,9/24 @ 6am-7pm,no.video,no.video,
Y,N,Y,N,Y,143,C156,9/14/2022,1:45:00 PM,10.5,11,14,Dagger,F7,32,yellow/brown,PIC_144,N,7,9/21/2022,12:50:00 PM,9/30/2022,11:05:00 AM,9,MPAT_FSCU,MPAT_FSCU,1,FSCU,FSCU,NORTH,FR,8.5,6,2,100,0,100,0,NOT_EATEN,0,NO,one,MPAT,,FSCU,,ate one,N/A,N/A,N/A,no.video,no.video,
Y,N,Y,N,Y,143,C156,9/14/2022,1:45:00 PM,10.5,11,14,Dagger,F7,32,yellow/brown,PIC_144,N,7,9/21/2022,12:50:00 PM,9/30/2022,11:05:00 AM,9,MPAT_FSCU,MPAT_FSCU,2,MPAT,MPAT,SOUTH,EF,16,10,3,15,0,0,100,FIRST,2,YES,one,MPAT,,FSCU,,ate one,ate on kilo cam,49 pics,9/26 @ 6am-7pm,no.video,no.video,
Y,N,Y,N,Y,144,C162,9/14/2022,1:45:00 PM,10,10,15,East of Anchor,C14,45,yellow/brown,PIC_62,N,7,9/21/2022,1:00:00 PM,9/30/2022,11:10:00 AM,9,PCOM_FSCU,PCOM_FSCU,1,FSCU,FSCU,NORTH,FR,7,4.5,1,100,0,100,0,NOT_EATEN,0,NO,none,,,FSCU,PCOM,didn't eat,N/A,N/A,N/A,N/A,N/A,
Y,N,Y,N,Y,144,C162,9/14/2022,1:45:00 PM,10,10,15,East of Anchor,C14,45,yellow/brown,PIC_62,N,7,9/21/2022,1:00:00 PM,9/30/2022,11:10:00 AM,9,PCOM_FSCU,PCOM_FSCU,2,PCOM,PCOM,SOUTH,KN,9,6,9,20,0,20,0,NOT_EATEN,0,NO,none,,,FSCU,PCOM,didn't eat,N/A,N/A,N/A,N/A,N/A,
N,N,Y,N,N,145,C161,9/21/2022,10:20:00 AM,11,12,17,Trios,M11,30,yellow/brown,PIC_145,N,0,9/21/2022,10:57:00 AM,9/30/2022,11:15:00 AM,9,PCOM_FSCU,PCOM_FSCU,1,FSCU,FSCU,NORTH,FR,9,6.5,2,100,0,100,0,NOT_EATEN,0,NO,none,,,FSCU,PCOM,didn't eat,N/A,N/A,N/A,N/A,N/A,
N,N,Y,N,Y,145,C161,9/21/2022,10:20:00 AM,11,12,17,Trios,M11,30,yellow/brown,PIC_145,N,0,9/21/2022,10:57:00 AM,9/30/2022,11:15:00 AM,9,PCOM_FSCU,PCOM_FSCU,2,PCOM,PCOM,SOUTH,KN,9,8.5,11,75,0,75,0,NOT_EATEN,0,NO,none,,,FSCU,PCOM,didn't eat,N/A,N/A,N/A,N/A,N/A,
N,N,Y,N,N,146,C163,9/21/2022,1:10:00 PM,12,13,19,Trios,K12,29,yellow/brown,PIC_78,PIC_78,9,9/30/2022,11:51:00 AM,10/5/2022,1:16:00 PM,5,MPAT_PDUE,MPAT_PDUE,1,PDUE,PDUE,NORTH,ML,5.5,6,4,80,0,80,0,NOT_EATEN,0,NO,none,,,PDUE,MPAT,didn't eat,N/A,N/A,N/A,no.video,no.video,
N,N,Y,N,Y,146,C163,9/21/2022,1:10:00 PM,12,13,19,Trios,K12,29,yellow/brown,PIC_78,PIC_78,9,9/30/2022,11:51:00 AM,10/5/2022,1:16:00 PM,5,MPAT_PDUE,MPAT_PDUE,2,MPAT,MPAT,SOUTH,EF,8.5,8,3,20,0,20,0,NOT_EATEN,0,NO,none,,,PDUE,MPAT,didn't eat,N/A,N/A,N/A,no.video,no.video,
N,N,Y,Y,Y,147,C157,9/21/2022,1:10:00 PM,11,11,16,Trios,K12,29,orange/yellow,PIC_123,N,9,9/30/2022,11:58:00 AM,10/5/2022,1:20:00 PM,5,MPAT_FSCU,MPAT_FSCU,1,MPAT,MPAT,NORTH,EF,17,12,18,90,0,90,0,NOT_EATEN,0,NO,none,,,MPAT,FSCU,didn't eat,N/A,N/A,N/A,FSCU,didnt.eat,
N,N,Y,Y,Y,147,C157,9/21/2022,1:10:00 PM,11,11,16,Trios,K12,29,orange/yellow,PIC_123,N,9,9/30/2022,11:58:00 AM,10/5/2022,1:20:00 PM,5,MPAT_FSCU,MPAT_FSCU,2,FSCU,FSCU,SOUTH,FR,13.5,10,2.5,95,0,95,0,NOT_EATEN,0,NO,none,,,MPAT,FSCU,didn't eat,N/A,N/A,N/A,FSCU,didnt.eat,
N,N,Y,Y,Y,148,C156,9/21/2022,1:10:00 PM,11.5,11.5,16,Trios,K11,28,yellow/red,PIC_136,PIC_136,9,9/30/2022,1:46:00 PM,10/5/2022,1:23:00 PM,5,PCOM_FSCU,PCOM_FSCU,1,FSCU,FSCU,NORTH,FR,10,7.5,2,90,0,90,0,NOT_EATEN,0,NO,none,,,FSCU,PCOM,didn't eat,N/A,N/A,N/A,FSCU,didnt.eat,
N,N,Y,Y,Y,148,C156,9/21/2022,1:10:00 PM,11.5,11.5,16,Trios,K11,28,yellow/red,PIC_136,PIC_136,9,9/30/2022,1:46:00 PM,10/5/2022,1:23:00 PM,5,PCOM_FSCU,PCOM_FSCU,2,PCOM,PCOM,SOUTH,KN,18,12,13,60,0,60,0,NOT_EATEN,0,NO,none,,,FSCU,PCOM,didn't eat,N/A,N/A,N/A,FSCU,didnt.eat,
N,N,Y,Y,Y,149,C162,9/21/2022,1:10:00 PM,13,12.5,22,Trios,M11,28,green/yellow/brown,PIC_146,N,9,9/30/2022,1:52:00 PM,10/5/2022,1:28:00 PM,5,MPAT_FSCU,MPAT_FSCU,1,MPAT,MPAT,NORTH,EF,16,8,8,15,0,15,0,NOT_EATEN,0,NO,one,FSCU,,MPAT,,ate one,N/A,N/A,N/A,FSCU,Y,
N,N,Y,Y,Y,149,C162,9/21/2022,1:10:00 PM,13,12.5,22,Trios,M11,28,green/yellow/brown,PIC_146,N,9,9/30/2022,1:52:00 PM,10/5/2022,1:28:00 PM,5,MPAT_FSCU,MPAT_FSCU,2,FSCU,FSCU,SOUTH,FR,9,6,3,90,0,0,100,FIRST,2,YES,one,FSCU,,MPAT,,ate one,ate on kilo cam,48 pics,10/3 @ 6am-7pm,FSCU,Y,
N,N,Y,N,N,150,C161,9/21/2022,1:10:00 PM,12,13,20,Trios,K12,29,yellow/brown/blue,PIC_92,PIC_92,9,9/30/2022,2:04:00 PM,10/5/2022,1:33:00 PM,5,PLOB_FSCU,PLOB_FSCU,1,PLOB,PORM,NORTH,MD,9,8,4,40,0,30,25,FIRST,2,YES,both,PLOB,FSCU,,,Y,ate FSCU on last day/night,N/A,N/A,no.video,no.video,
N,N,Y,N,Y,150,C161,9/21/2022,1:10:00 PM,12,13,20,Trios,K12,29,yellow/brown/blue,PIC_92,PIC_92,9,9/30/2022,2:04:00 PM,10/5/2022,1:33:00 PM,5,PLOB_FSCU,PLOB_FSCU,2,FSCU,FSCU,SOUTH,FR,12,8,2.5,90,0,0,100,SECOND,1,YES,both,PLOB,FSCU,,,Y,ate on kilo cam,48 pics,10/4 @ 6am-7pm,no.video,no.video,
Y,Y,Y,N,Y,151,C163,10/5/2022,3:40:00 PM,11.5,11,17,East of Anchor,E11,38,green/brown,PIC_114,PIC_114,7,10/12/2022,2:10:00 PM,10/19/2022,1:20:00 PM,7,PLOB_FSCU,PLOB_FSCU,1,PLOB,PORM,NORTH,MD,13,11,14,75,0,75,0,NOT_EATEN,0,NO,none,,,PLOB,FSCU,didn't eat,N/A,N/A,N/A,no.video,no.video,
Y,Y,Y,N,Y,151,C163,10/5/2022,3:40:00 PM,11.5,11,17,East of Anchor,E11,38,green/brown,PIC_114,PIC_114,7,10/12/2022,2:10:00 PM,10/19/2022,1:20:00 PM,7,PLOB_FSCU,PLOB_FSCU,2,FSCU,FSCU,SOUTH,FR,14.5,11,4,90,0,90,0,NOT_EATEN,0,NO,none,,,PLOB,FSCU,didn't eat,N/A,N/A,N/A,no.video,no.video,
Y,Y,Y,N,Y,152,C157,10/5/2022,3:40:00 PM,12.5,12,19,East of Anchor,D13,44,red/yellow,PIC_141,PIC_141,7,10/12/2022,2:06:00 PM,10/19/2022,1:23:00 PM,7,MPAT_FSCU,MPAT_FSCU,1,MPAT,MPAT,NORTH,EF,16,13,5,40,0,5,87.5,FIRST,2,YES,both,MPAT,FSCU,,,Y,coral went from color to white from 10/12-10/13,N/A,N/A,no.video,no.video,
Y,Y,Y,N,Y,152,C157,10/5/2022,3:40:00 PM,12.5,12,19,East of Anchor,D13,44,red/yellow,PIC_141,PIC_141,7,10/12/2022,2:06:00 PM,10/19/2022,1:23:00 PM,7,MPAT_FSCU,MPAT_FSCU,2,FSCU,FSCU,SOUTH,FR,10,8.5,2.5,95,0,5,94.74,SECOND,1,YES,both,MPAT,FSCU,,,Y,ate on kilo cam,47 pics,10/15 @ 6am-7pm,no.video,no.video,
Y,Y,Y,N,Y,153,C156,10/5/2022,3:40:00 PM,12,12,19,East of Anchor,D13,43,yellow,PIC_29,PIC_29,7,10/12/2022,1:57:00 PM,10/19/2022,1:27:00 PM,7,PCOM_FSCU,PCOM_FSCU,1,FSCU,FSCU,NORTH,FR,8.5,6,2,95,0,95,0,NOT_EATEN,0,NO,none,,,FSCU,PCOM,didn't eat,N/A,N/A,N/A,no.video,no.video,
Y,Y,Y,N,Y,153,C156,10/5/2022,3:40:00 PM,12,12,19,East of Anchor,D13,43,yellow,PIC_29,PIC_29,7,10/12/2022,1:57:00 PM,10/19/2022,1:27:00 PM,7,PCOM_FSCU,PCOM_FSCU,2,PCOM,PCOM,SOUTH,KN,10,10,9.5,80,0,80,0,NOT_EATEN,0,NO,none,,,FSCU,PCOM,didn't eat,N/A,N/A,N/A,no.video,no.video,
Y,Y,Y,N,Y,154,C162,10/5/2022,3:40:00 PM,11,12,17,East of Anchor,E12,40,yellow/brown,PIC_148,N,7,10/12/2022,1:50:00 PM,10/19/2022,1:31:00 PM,7,PLOB_FSCU,PLOB_FSCU,1,FSCU,FSCU,NORTH,FR,10,7,3,100,0,0,100,FIRST,2,YES,both,FSCU,PLOB,,,Y,ate on kilo cam,47 pics,10/14 @ 6am-7pm,no.video,no.video,
Y,Y,Y,N,Y,154,C162,10/5/2022,3:40:00 PM,11,12,17,East of Anchor,E12,40,yellow/brown,PIC_148,N,7,10/12/2022,1:50:00 PM,10/19/2022,1:31:00 PM,7,PLOB_FSCU,PLOB_FSCU,2,PLOB,PORM,SOUTH,MD,19,13,8,35,0,10,71.43,SECOND,1,YES,both,FSCU,PLOB,,,Y,ate on kilo cam,25 pics,10/17 @ 6am-12pm,no.video,no.video,
Y,Y,Y,N,Y,155,C161,10/5/2022,3:40:00 PM,11,11,16,East of Anchor,F10,37,orange/brown,PIC_138,PIC_138,7,10/12/2022,1:45:00 PM,10/19/2022,1:35:00 PM,7,PLOB_FSCU,PLOB_FSCU,1,PLOB,PORM,NORTH,MD,14,13,5,25,0,25,0,NOT_EATEN,0,NO,one,FSCU,,PLOB,,ate one,N/A,N/A,N/A,no.video,no.video,
Y,Y,Y,N,Y,155,C161,10/5/2022,3:40:00 PM,11,11,16,East of Anchor,F10,37,orange/brown,PIC_138,PIC_138,7,10/12/2022,1:45:00 PM,10/19/2022,1:35:00 PM,7,PLOB_FSCU,PLOB_FSCU,2,FSCU,FSCU,SOUTH,FR,11,7.5,3,80,0,0,100,FIRST,2,YES,one,FSCU,,PLOB,,ate one,ate on kilo cam,48 pics,10/13 @ 6am-7pm,no.video,no.video,
Y,Y,Y,Y,Y,156,C163,10/12/2022,12:14:00 PM,10.5,10.5,18,East of Anchor,G10,36,yellow/brown,PIC_151,N,7,10/19/2022,2:05:00 PM,10/26/2022,1:00:00 PM,7,MCAP_MPAT,MCAP_MPAT,1,MCAP,MCAP,NORTH,EF,12,11.5,7.5,40,0,0,100,SECOND,1,YES,both,MPAT,MCAP,,,Y,coral went from color to white from 10/21-10/22,N/A,N/A,MPAT,Y,
Y,Y,Y,Y,Y,156,C163,10/12/2022,12:14:00 PM,10.5,10.5,18,East of Anchor,G10,36,yellow/brown,PIC_151,N,7,10/19/2022,2:05:00 PM,10/26/2022,1:00:00 PM,7,MCAP_MPAT,MCAP_MPAT,2,MPAT,MPAT,SOUTH,EF,8.5,5.5,3.5,20,0,0,100,FIRST,2,YES,both,MPAT,MCAP,,,Y,coral went from color to white from 10/19-10/20,N/A,N/A,MPAT,Y,
Y,Y,Y,Y,Y,157,C157,10/12/2022,12:14:00 PM,11,11.5,17,East of Anchor,E11,36,yellow/brown,PIC_152,N,7,10/19/2022,2:15:00 PM,10/26/2022,1:07:00 PM,7,LESP_PMEA,LESP_PMEA,1,LESP,LESP,NORTH,EF,19,16,8,40,0,40,0,NOT_EATEN,0,NO,one,PMEA,,LESP,,ate one,N/A,N/A,N/A,PMEA,Y,
Y,Y,Y,Y,Y,157,C157,10/12/2022,12:14:00 PM,11,11.5,17,East of Anchor,E11,36,yellow/brown,PIC_152,N,7,10/19/2022,2:15:00 PM,10/26/2022,1:07:00 PM,7,LESP_PMEA,LESP_PMEA,2,PMEA,POSP,SOUTH,BR,15.5,9,13,95,0,0,100,FIRST,2,YES,one,PMEA,,LESP,,ate one,ate on kilo cam,12 pics,10/20 @ 6am-8:45am,PMEA,Y,
Y,Y,Y,Y,Y,158,C156,10/12/2022,12:14:00 PM,11.5,11.5,19,Dagger,F6,31,yellow/brown,PIC_150,N,7,10/19/2022,4:16:00 PM,10/26/2022,1:15:00 PM,7,PVAR_PMEA,PVAR_PMEA,1,PVAR,PVAR,NORTH,EF,12,7,6,40,0,0,100,SECOND,1,YES,both,PMEA,PVAR,,,Y,ate on kilo cam,43 pics,10/22 @ 6am-4:15pm,PMEA,Y,
Y,Y,Y,Y,Y,158,C156,10/12/2022,12:14:00 PM,11.5,11.5,19,Dagger,F6,31,yellow/brown,PIC_150,N,7,10/19/2022,4:16:00 PM,10/26/2022,1:15:00 PM,7,PVAR_PMEA,PVAR_PMEA,2,PMEA,POSP,SOUTH,BR,9,7.5,4,90,0,0,100,FIRST,2,YES,both,PMEA,PVAR,,,Y,coral went from color to white from 10/19-10/20,N/A,N/A,PMEA,Y,
Y,Y,Y,Y,Y,159,C162,10/12/2022,12:14:00 PM,12,12.5,19,Dagger,G6,28,purple/light blue,PIC_119,PIC_119,7,10/19/2022,4:28:00 PM,10/26/2022,1:19:00 PM,7,PLOB_FSCU,PLOB_FSCU,1,PLOB,PORM,NORTH,MD,9,7,5,80,0,80,0,NOT_EATEN,0,NO,none,,,PLOB,FSCU,didn't eat,N/A,N/A,N/A,PLOB,didnt.eat,
Y,Y,Y,Y,Y,159,C162,10/12/2022,12:14:00 PM,12,12.5,19,Dagger,G6,28,purple/light blue,PIC_119,PIC_119,7,10/19/2022,4:28:00 PM,10/26/2022,1:19:00 PM,7,PLOB_FSCU,PLOB_FSCU,2,FSCU,FSCU,SOUTH,FR,9,6.5,2,95,0,95,0,NOT_EATEN,0,NO,none,,,PLOB,FSCU,didn't eat,N/A,N/A,N/A,PLOB,didnt.eat,
Y,Y,Y,N,Y,160,C161,10/12/2022,12:14:00 PM,13,12.5,17,East of Anchor,G10,36,yellow/brown,PIC_69,N,7,10/19/2022,4:34:00 PM,10/26/2022,1:24:00 PM,7,MPAT_PVAR,MPAT_PVAR,1,PVAR,PVAR,NORTH,EF,6,5,5.5,15,0,15,0,NOT_EATEN,0,NO,one,MPAT,,PVAR,,ate one,N/A,N/A,N/A,no.video,no.video,
Y,Y,Y,N,Y,160,C161,10/12/2022,12:14:00 PM,13,12.5,17,East of Anchor,G10,36,yellow/brown,PIC_69,N,7,10/19/2022,4:34:00 PM,10/26/2022,1:24:00 PM,7,MPAT_PVAR,MPAT_PVAR,2,MPAT,MPAT,SOUTH,EF,6.5,4,4.5,75,0,0,100,FIRST,2,YES,one,MPAT,,PVAR,,ate one,ate on kilo cam,31 pics,10/23 @ 6am-3:30pm,no.video,no.video,
Y,Y,Y,N,Y,161,C163,11/16/2022,1:30:00 PM,13,12,20,East of Anchor,E11,40,yellow/black,PIC_154,N,7,11/23/2022,12:47:00 PM,11/30/2022,10:26:00 AM,7,PLOB_MCAP,PLOB_MCAP,1,MCAP,MCAP,NORTH,EF,20,18,10,50,0,50,0,NOT_EATEN,0,NO,none,,,MCAP,PLOB,didn't eat,N/A,N/A,N/A,no.video,no.video,
Y,Y,Y,N,Y,161,C163,11/16/2022,1:30:00 PM,13,12,20,East of Anchor,E11,40,yellow/black,PIC_154,N,7,11/23/2022,12:47:00 PM,11/30/2022,10:26:00 AM,7,PLOB_MCAP,PLOB_MCAP,2,PLOB,PORM,SOUTH,MD,14,12,12,80,0,80,0,NOT_EATEN,0,NO,none,,,MCAP,PLOB,didn't eat,N/A,N/A,N/A,no.video,no.video,
Y,Y,Y,N,Y,162,C157,11/16/2022,1:30:00 PM,11,12,18,East of Anchor,D13,42,yellow/black,PIC_139,N,7,11/23/2022,12:57:00 PM,11/30/2022,10:30:00 AM,7,PDUE_PMEA,PDUE_PMEA,1,PMEA,POSP,NORTH,BR,12.5,16,7,85,0,85,0,NOT_EATEN,0,NO,none,,,PMEA,PDUE,didn't eat,N/A,N/A,N/A,no.video,no.video,
Y,Y,Y,N,Y,162,C157,11/16/2022,1:30:00 PM,11,12,18,East of Anchor,D13,42,yellow/black,PIC_139,N,7,11/23/2022,12:57:00 PM,11/30/2022,10:30:00 AM,7,PDUE_PMEA,PDUE_PMEA,2,PDUE,PDUE,SOUTH,ML,11.5,8,12,30,0,30,0,NOT_EATEN,0,NO,none,,,PMEA,PDUE,didn't eat,N/A,N/A,N/A,no.video,no.video,
Y,Y,Y,N,N,163,C156,11/16/2022,1:30:00 PM,10.5,10.5,17,East of Anchor,D13,42,yellow/brown,PIC_155,N,7,11/23/2022,1:10:00 PM,11/30/2022,10:35:00 AM,7,LESP_MPAT,LESP_MPAT,1,MPAT,MPAT,NORTH,EF,18,13,9,20,0,20,0,NOT_EATEN,0,NO,none,,,MPAT,LESP,didn't eat,N/A,N/A,N/A,no.video,no.video,
Y,Y,Y,N,Y,163,C156,11/16/2022,1:30:00 PM,10.5,10.5,17,East of Anchor,D13,42,yellow/brown,PIC_155,N,7,11/23/2022,1:10:00 PM,11/30/2022,10:35:00 AM,7,LESP_MPAT,LESP_MPAT,2,LESP,LESP,SOUTH,EF,12,8,10,45,0,45,0,NOT_EATEN,0,NO,none,,,MPAT,LESP,didn't eat,N/A,N/A,N/A,no.video,no.video,
Y,Y,Y,N,Y,164,C162,11/16/2022,1:30:00 PM,10.5,11,17,East of Anchor,E11,40,green/orange/blue,PIC_153,N,7,11/23/2022,2:48:00 PM,11/30/2022,10:37:00 AM,7,MPAT_PDUE,MPAT_PDUE,1,MPAT,MPAT,NORTH,EF,15,8,7.5,15,0,15,0,NOT_EATEN,0,NO,none,,,MPAT,PDUE,didn't eat,N/A,N/A,N/A,no.video,no.video,
Y,Y,Y,N,Y,164,C162,11/16/2022,1:30:00 PM,10.5,11,17,East of Anchor,E11,40,green/orange/blue,PIC_153,N,7,11/23/2022,2:48:00 PM,11/30/2022,10:37:00 AM,7,MPAT_PDUE,MPAT_PDUE,2,PDUE,PDUE,SOUTH,ML,6,4.5,3,80,0,80,0,NOT_EATEN,0,NO,none,,,MPAT,PDUE,didn't eat,N/A,N/A,N/A,no.video,no.video,
Y,Y,Y,N,Y,165,C161,11/16/2022,1:30:00 PM,13.5,13,21,East of Anchor,E11,40,yellow/orange,PIC_30,PIC_30,7,11/23/2022,3:02:00 PM,11/30/2022,10:41:00 AM,7,PVAR_PMEA,PVAR_PMEA,1,PMEA,POSP,NORTH,BR,5,4,4,75,0,75,0,NOT_EATEN,0,NO,none,,,PMEA,PVAR,didn't eat,N/A,N/A,N/A,no.video,no.video,
Y,Y,Y,N,N,165,C161,11/16/2022,1:30:00 PM,13.5,13,21,East of Anchor,E11,40,yellow/orange,PIC_30,PIC_30,7,11/23/2022,3:02:00 PM,11/30/2022,10:41:00 AM,7,PVAR_PMEA,PVAR_PMEA,2,PVAR,PVAR,SOUTH,EF,5.5,3,6,15,0,15,0,NOT_EATEN,0,NO,none,,,PMEA,PVAR,didn't eat,N/A,N/A,N/A,no.video,no.video,
N,Y,Y,Y,Y,166,C163,11/27/2022,3:00:00 PM,13,13,22,Dagger,G4,31,yellow/brown,N044,N044,3,11/30/2022,12:56:00 PM,12/7/2022,12:17:00 PM,7,PDUE_PMEA,PDUE_PMEA,1,PMEA,POSP,NORTH,BR,5,4,4,90,0,0,100,FIRST,2,YES,both,PMEA,PDUE,,,Y,coral went from color to white from 12/1 to 12/2,N/A,N/A,PDUE,N,
N,Y,Y,Y,Y,166,C163,11/27/2022,3:00:00 PM,13,13,22,Dagger,G4,31,yellow/brown,N044,N044,3,11/30/2022,12:56:00 PM,12/7/2022,12:17:00 PM,7,PDUE_PMEA,PDUE_PMEA,2,PDUE,PDUE,SOUTH,ML,4.5,4,1.5,50,0,0,100,SECOND,1,YES,both,PMEA,PDUE,,,Y,ate on kilo cam,26 pics,12/2 @6am-12:15,PDUE,N,
N,Y,Y,Y,Y,167,C157,11/27/2022,3:00:00 PM,11.5,11.5,18,East of Anchor,E11,40,yellow/blue,PIC_159,N,3,11/30/2022,1:02:00 PM,12/7/2022,12:27:00 PM,7,PGRA_PVAR,PVAR_PMEA,1,PGRA,POSP,NORTH,BR,5.5,1.5,12.5,85,0,0,100,SECOND,1,YES,both,PVAR,PMEA,,,Y,coral went from color to white from 12/1 to 12/2,N/A,N/A,video.cant.tell,video.cant.tell,
N,Y,Y,Y,Y,167,C157,11/27/2022,3:00:00 PM,11.5,11.5,18,East of Anchor,E11,40,yellow/blue,PIC_159,N,3,11/30/2022,1:02:00 PM,12/7/2022,12:27:00 PM,7,PGRA_PVAR,PVAR_PMEA,2,PVAR,PVAR,SOUTH,EF,7,3.5,4,40,0,0,100,FIRST,2,YES,both,PVAR,PMEA,,,Y,coral went from color to white from 11/30 to 12/1,N/A,N/A,video.cant.tell,video.cant.tell,
N,Y,Y,Y,Y,168,C156,11/27/2022,3:00:00 PM,12,12,19,East of Anchor,E11,38,yellow/black,PIC_102,PIC_102,3,11/30/2022,11:25:00 AM,12/7/2022,12:55:00 PM,7,PCOM_FSCU,PCOM_FSCU,1,PCOM,PCOM,SOUTH,KN,11,10,12,80,0,80,0,NOT_EATEN,0,NO,none,,,PCOM,FSCU,didn't eat,N/A,N/A,N/A,N/A,N/A,
N,Y,Y,Y,N,168,C156,11/27/2022,3:00:00 PM,12,12,19,East of Anchor,E11,38,yellow/black,PIC_102,PIC_102,3,11/30/2022,11:25:00 AM,12/7/2022,12:55:00 PM,7,PCOM_FSCU,PCOM_FSCU,2,FSCU,FSCU,NORTH,FR,10,13,4,90,0,90,0,NOT_EATEN,0,NO,none,,,PCOM,FSCU,didn't eat,N/A,N/A,N/A,N/A,N/A,
Y,Y,Y,N,Y,169,C162,11/23/2022,3:00:00 PM,12,12,16,Back 40,C6,38,yellow/red,PIC_158,N,7,11/30/2022,1:20:00 PM,12/7/2022,2:20:00 PM,7,PCOM_MPAT,PCOM_MPAT,1,PCOM,PCOM,NORTH,KN,10.5,11,10,20,0,20,0,NOT_EATEN,0,NO,none,,,PCOM,MPAT,didn't eat,N/A,N/A,N/A,no.video,no.video,
Y,Y,Y,N,Y,169,C162,11/23/2022,3:00:00 PM,12,12,16,Back 40,C6,38,yellow/red,PIC_158,N,7,11/30/2022,1:20:00 PM,12/7/2022,2:20:00 PM,7,PCOM_MPAT,PCOM_MPAT,2,MPAT,MPAT,SOUTH,EF,12,9,6.5,15,0,15,0,NOT_EATEN,0,NO,none,,,PCOM,MPAT,didn't eat,N/A,N/A,N/A,no.video,no.video,
N,Y,Y,N,Y,170,C161,11/27/2022,3:00:00 PM,13,13,17,East of Anchor,F10,38,yellow,PIC_78,PIC_78,3,11/30/2022,1:30:00 PM,12/7/2022,2:30:00 PM,7,LESP_MPAT,LESP_MPAT,1,LESP,LESP,NORTH,EF,18,16,9,15,0,15,0,NOT_EATEN,0,NO,none,,,LESP,MPAT,didn't eat,N/A,N/A,N/A,no.video,no.video,
N,Y,Y,N,Y,170,C161,11/27/2022,3:00:00 PM,13,13,17,East of Anchor,F10,38,yellow,PIC_78,PIC_78,3,11/30/2022,1:30:00 PM,12/7/2022,2:30:00 PM,7,LESP_MPAT,LESP_MPAT,2,MPAT,MPAT,SOUTH,EF,18.5,13,9,15,0,15,0,NOT_EATEN,0,NO,none,,,LESP,MPAT,didn't eat,N/A,N/A,N/A,no.video,no.video,
